Text;Size
the;12
a;9
of;7
in;6
an;5
to;5
visual;4
computer;4
fantasy;4
and;4
guide;3
is;3
at;3
microsoft;3
for;3
eva;3
comprehensive;3
studio;2
romance;2
xml;2
sequel;2
as;2
explored;2
after;2
horror;2
tim;2
new;2
deep;2
maeve;2
with;2
inhabitants;1
scorpions;1
about;1
when;1
trip;1
her;1
finds;1
lost;1
bible;1
meets;1
leagues;1
anthology;1
being;1
former;1
science;1
creating;1
inadvertant;1
looking;1
detail;1
become;1
love;1
paula;1
other;1
dom;1
queen;1
architect;1
another;1
james;1
foundation;1
birds;1
diver;1
uncertainty;1
two;1
sea;1
how;1
into;1
known;1
peter;1
are;1
mysterious;1
get;1
twenty;1
oberon;1
sundered;1
childhood;1
lover;1
one;1
ascendant;1
discovers;1
battle;1
fly;1
corporate;1
paul;1
thousand;1
through;1
agent;1
cynthia;1
fiction;1
own;1
daughters;1
feathers;1
salway;1
nanotechnology;1
only;1
create;1
grail;1
programming;1
matthew;1
stefan;1
rain;1
beneath;1
development;1
lay;1
ornithology;1
this;1
look;1
crawlies;1
parser;1
survivors;1
covered;1
true;1
evil;1
helps;1
heisenberg;1
problems;1
legacy;1
young;1
mike;1
kim;1
life;1
integrated;1
society;1
paradox;1
midnight;1
stories;1
initiative;1
carla;1
control;1
sax;1
tempers;1
splish;1
attention;1
battles;1
xslt;1
splash;1
creepy;1
collapse;1
applications;1
