Text;Size
que;10384
de;9026
y;8449
la;5009
a;4806
en;4030
el;3842
no;2910
se;2382
los;2147
con;2078
por;1910
su;1861
le;1802
lo;1801
las;1488
me;1155
como;1140
del;1127
don;1065
es;966
si;943
un;899
mi;857
yo;851
al;811
tan;753
porque;723
para;699
ni;622
sin;621
una;596
todo;550
o;519
sus;487
bien;475
ser;466
ha;460
era;459
vuestra;446
ya;398
pero;389
todos;381
cuando;372
donde;365
dijo;359
fue;353
este;347
te;340
esto;329
cual;328
quijote;316
sino;314
sancho;313
esta;311
quien;305
muy;300
aquel;294
pues;288
merced;287
dos;284
ella;284
hacer;279
aunque;268
otra;263
he;247
cosa;243
nos;241
caballero;231
estaba;229
mal;229
os;222
tanto;219
aquella;214
hasta;212
decir;208
otro;200
ver;199
buen;199
mas;199
sobre;189
poco;188
les;188
luego;182
hay;177
buena;177
son;171
mis;170
ahora;167
dar;164
toda;163
entre;162
todas;157
uno;155
tu;154
han;154
tengo;154
puesto;152
gran;151
cosas;149
alguna;148
mejor;146
ellos;146
tal;146
mucho;143
aun;143
fuera;139
tiempo;139
lugar;138
cuanto;137
dios;136
tiene;134
puede;131
padre;130
parte;129
otras;129
caballeros;127
estas;125
verdad;125
manera;122
hizo;122
haber;122
tener;122
dio;121
cura;121
antes;121
estos;119
mucha;116
hecho;108
otros;105
saber;104
parece;102
vio;101
nuestro;101
sea;101
tres;100
muchas;99
tanta;99
quiero;98
mismo;98
hombre;97
menos;97
ojos;97
eran;97
visto;96
mano;93
vida;93
desde;92
grande;91
amo;91
soy;91
punto;90
cada;90
aquellos;89
cuenta;89
fuese;88
sido;88
quiso;88
casa;88
viendo;87
desta;86
iba;86
lotario;84
cielo;82
camila;82
camino;82
muchos;81
razones;81
digo;80
poner;80
vez;79
eso;78
tierra;78
primero;77
libros;77
veces;77
amigo;76
entender;74
anselmo;74
vuestro;74
contra;72
vino;72
debe;72
fin;71
tantas;71
tales;71
fueron;70
hubo;70
gente;70
ir;70
va;70
gusto;70
deseo;69
puso;69
nunca;69
menester;68
aquello;68
estar;67
nombre;67
mujer;67
deste;67
mundo;67
mesmo;67
duda;67
dicho;66
entonces;65
hermosa;65
salir;65
causa;65
modo;65
cuales;64
has;64
fernando;64
venta;64
casi;64
siempre;63
manos;63
noche;63
ninguna;63
mil;63
algunos;63
vos;62
triste;62
aquellas;62
cuatro;62
amor;62
tuvo;61
voz;61
ese;61
voluntad;61
dejar;61
fuerza;60
memoria;60
unos;60
daba;60
suerte;60
tus;59
tienen;59
rey;59
cabo;59
poder;58
tantos;58
estaban;57
mala;57
junto;57
dado;57
haya;56
pasar;56
historia;56
palabras;56
hace;56
tomar;55
diciendo;55
mayor;55
cabeza;55
nosotros;55
algo;55
panza;54
voces;54
cardenio;54
barbero;54
valor;53
hija;53
quiere;53
andante;53
mitad;53
siendo;52
dorotea;52
nuevo;52
hacia;52
venir;52
escudero;52
caso;52
orden;51
esa;51
parecer;51
apenas;50
posible;50
dice;50
nuestra;50
adelante;50
famoso;49
volver;49
pudo;49
mesma;49
persona;48
algunas;48
andantes;48
llevar;47
dulcinea;47
palabra;47
caballo;47
doncella;47
querer;47
pies;46
e;46
adonde;46
luscinda;45
ninguno;45
fe;45
buscar;45
pie;45
estando;45
delante;44
hermosura;44
pena;44
tras;44
misma;44
hablar;43
ventero;43
nadie;43
ellas;43
partes;43
rocinante;43
llamaba;42
armas;42
hubiera;42
presto;42
pueda;42
vuestras;42
estado;41
da;41
falta;41
muestras;41
nada;41
habiendo;41
pensar;40
dieron;40
debajo;40
muerte;40
viene;40
pudiera;40
creo;40
contento;39
castillo;39
grandes;39
suele;38
nuevas;38
cuya;38
vista;38
tuviese;38
rostro;38
alguno;38
quisiera;37
muerto;37
dicen;37
pensaba;37
alma;37
reina;37
hombres;36
unas;36
medio;36
dando;36
hermano;36
princesa;36
llegar;36
mozo;36
natural;36
hicieron;35
cuantos;35
fama;35
entrar;35
solo;35
estoy;34
brazo;34
dije;34
valeroso;34
honra;34
primera;34
bueno;34
mirar;34
esperar;34
ventura;34
pienso;34
lengua;33
cuerpo;33
gana;33
aventura;33
nuestros;33
temor;33
andaba;33
aventuras;33
pobre;33
reino;33
cuidado;33
sabe;33
ello;32
peligro;32
ti;32
hubiese;32
leer;32
carta;32
vieron;32
estuvo;32
hora;32
buenos;31
acabar;31
hallar;31
mercedes;31
semejantes;31
principio;31
puerta;31
cierto;31
puedo;31
alta;31
hago;31
hacen;30
perder;30
libro;30
edad;30
ciudad;30
iban;30
darle;30
seis;29
buenas;29
suelen;29
poca;29
destas;29
renegado;29
acaso;29
lejos;29
agora;29
discurso;29
creer;29
sola;29
diese;29
aposento;29
brazos;29
tenga;29
dijese;28
queda;28
santa;28
hijo;28
alcanzar;28
quedaron;28
zoraida;28
culpa;28
conmigo;28
pastor;28
libertad;28
comer;28
llaman;28
espacio;28
cerca;28
dolor;27
tenido;27
verdadera;27
destos;27
pudiese;27
pecho;27
pensamiento;27
enemigo;27
cuyo;26
hallado;26
supo;26
valiente;26
fortuna;26
suceso;26
criados;26
pasado;26
agua;26
andar;26
dellos;26
cautivo;26
cuento;26
caer;26
especialmente;26
sol;26
entendimiento;25
sangre;25
remedio;25
necesidad;25
quedar;25
bondad;25
fuere;25
hoy;25
espada;25
fueran;25
locura;25
sabio;25
vuelto;25
yelmo;25
boca;25
trabajo;25
haga;25
dejando;24
quieres;24
llevaba;24
lleno;24
vi;24
sepa;24
enamorado;24
primer;24
hemos;24
mira;24
diablo;24
pasaba;24
paz;24
leonela;24
juro;24
favor;24
llegaron;24
verse;24
llamado;23
fuesen;23
batalla;23
sean;23
buscando;23
esperanza;23
tienes;23
nuestras;23
encima;23
muestra;23
encantado;23
virtud;23
oyendo;23
principal;23
pusieron;23
toca;23
puedes;23
pueden;23
darme;23
deja;23
pensamientos;23
ante;22
haciendo;22
llegando;22
quitar;22
nueva;22
asno;22
escrito;22
luis;22
sacar;22
seguir;22
paso;22
cristianos;22
peor;22
trae;22
obra;22
llamar;22
moros;22
dormir;22
cabrero;22
deseos;21
priesa;21
doy;21
veo;21
deben;21
campo;21
autor;21
conocer;21
padres;21
versos;21
mejores;21
libre;21
mayores;21
claro;21
hecha;21
irse;21
trata;21
oidor;21
venido;21
dejaba;21
personas;21
van;20
voy;20
mujeres;20
lado;20
dentro;20
madre;20
doce;20
cargo;20
cierta;20
servir;20
media;20
venga;20
forzoso;20
mirando;20
traje;20
sois;20
facilidad;20
moro;20
noticia;20
dejado;20
figura;20
suelo;19
discreta;19
duque;19
dineros;19
cabellos;19
hice;19
venganza;19
viese;19
eres;19
labrador;19
gigante;19
cualquiera;19
asimismo;19
venia;19
justo;19
hallaron;19
ventera;19
agravio;19
marido;19
provecho;19
gloria;19
experiencia;19
diera;19
instante;19
pocos;19
llama;19
silencio;19
armado;19
obligado;19
consejo;18
vea;18
vosotros;18
llevado;18
suyo;18
esperando;18
amistad;18
ejercicio;18
luz;18
esas;18
quiera;18
movido;18
oyeron;18
rico;18
risa;18
correr;18
hiciera;18
andado;18
pasaron;18
acudir;18
cualquier;18
malos;18
dejase;18
subir;18
llevan;17
desdichado;17
miedo;17
loco;17
tiempos;17
amigos;17
presencia;17
veinte;17
di;17
verdaderamente;17
pesadumbre;17
creyendo;17
juicio;17
basta;17
sosiego;17
viniese;17
respuesta;17
honestidad;17
mar;17
lanza;17
silla;17
usar;17
hechos;17
pedir;17
querido;17
pan;17
servido;17
par;17
cristiano;17
consigo;17
seria;17
mostraba;17
llegado;17
decirle;17
quedaba;17
vuestros;17
guardar;16
tuve;16
fuerte;16
uso;16
desgracia;16
nuevos;16
calidad;16
diez;16
fui;16
mesmos;16
diligencia;16
papel;16
disparates;16
real;16
gentil;16
echar;16
solamente;16
parar;16
criado;16
haberle;16
hidalgo;16
mire;16
amores;16
vuelta;16
pesar;16
comenzaron;16
clara;16
oro;16
salido;16
pastores;16
licenciado;16
pedro;16
ama;16
asimesmo;16
ruido;16
licencia;16
della;16
ausencia;16
guerra;16
anda;15
tuvieron;15
estuviese;15
hacerse;15
sucesos;15
fuego;15
industria;15
segundo;15
verdadero;15
quitado;15
contar;15
escuderos;15
sabia;15
hijos;15
hablando;15
fuerzas;15
dices;15
puesta;15
albarda;15
vestido;15
juan;15
secreto;15
obras;15
tuviera;15
responder;15
yerme;15
cama;15
pocas;15
alto;15
horas;15
presteza;15
ventana;14
escuchando;14
dan;14
conozco;14
aldea;14
andaban;14
caminos;14
hacienda;14
temeroso;14
barba;14
lleva;14
suya;14
vestidos;14
barbas;14
mula;14
tomado;14
ingenio;14
molido;14
gracias;14
promesas;14
vaya;14
vienen;14
acabado;14
lela;14
haberse;14
quise;14
letras;14
pago;14
acuerdo;14
pagar;14
pude;14
burla;14
damas;14
dama;14
hiciese;14
tomando;14
general;14
trabajos;14
conocido;14
traidor;14
grado;14
cumplir;14
san;14
digno;14
ponerme;14
ponerse;14
villano;14
bastante;13
guarda;13
soneto;13
papeles;13
llorar;13
podido;13
discreto;13
golpe;13
hallaba;13
puestos;13
barca;13
diga;13
semejante;13
letra;13
admirado;13
pone;13
mancha;13
llevaban;13
viento;13
empresa;13
leyes;13
sabes;13
segura;13
punta;13
acerca;13
cruel;13
volverse;13
donaire;13
veras;13
pusiese;13
cuentan;13
bajel;13
ocho;13
blanco;13
momento;13
dulce;13
duro;13
negocio;13
ganado;13
moza;13
vivo;13
treinta;13
llegaba;13
locuras;13
pide;12
belleza;12
riendas;12
hallo;12
servicio;12
fermosa;12
imaginar;12
oficio;12
hacerme;12
sobresalto;12
cuerno;12
necedades;12
pudieron;12
alforjas;12
salvo;12
oh;12
quedan;12
ejemplo;12
haz;12
escudos;12
desto;12
pedazos;12
acometer;12
grandeza;12
pasos;12
pendencia;12
falto;12
descubierto;12
extremo;12
matar;12
sepultura;12
satisfecho;12
honrada;12
puerto;12
maritornes;12
esos;12
preguntar;12
rica;12
pastora;12
estilo;12
veas;12
cuadrilleros;12
probar;12
esposo;12
esposa;12
busca;12
conde;12
perjuicio;12
enojo;12
vimos;12
perdido;12
faltaba;12
pasaban;12
paciencia;12
reyes;12
conforme;12
entrambos;12
breves;12
historias;12
supiese;12
tratar;12
malas;12
sombra;11
comedias;11
rigor;11
caminar;11
cadena;11
espejo;11
baja;11
aliento;11
temerosa;11
coche;11
curiosidad;11
sujeto;11
favorecer;11
muchacho;11
costa;11
deseaba;11
femando;11
doncellas;11
jumento;11
nombres;11
diversas;11
verdades;11
testigo;11
gentes;11
famosos;11
sierra;11
cuyas;11
parecerle;11
pares;11
tendido;11
prometido;11
solos;11
ley;11
pasa;11
alabanzas;11
seguro;11
entera;11
talle;11
escribir;11
agradable;11
confuso;11
carro;11
carne;11
daga;11
juntamente;11
puse;11
parecido;11
salida;11
pueblo;11
imposible;11
entrambas;11
verde;11
siquiera;11
mirad;11
suceder;11
mientras;11
qeu;11
impertinente;11
turcos;11
llegue;11
valientes;11
primeros;11
mover;11
altas;11
ansimesmo;11
quedado;11
larga;11
cautivos;11
ponerle;11
cinco;11
cantidad;11
verle;11
sale;10
costumbre;10
alzando;10
comenzado;10
palos;10
estudiante;10
entrado;10
daban;10
estuviera;10
acertado;10
mozos;10
valer;10
quieren;10
rodillas;10
brevedad;10
llena;10
ferido;10
penitencia;10
saliese;10
ve;10
curioso;10
menor;10
tenemos;10
vamos;10
alegre;10
mandamiento;10
despecho;10
cobrar;10
ido;10
segunda;10
cien;10
toboso;10
respeto;10
fantasmas;10
lugares;10
liberalidad;10
contado;10
comodidad;10
vale;10
vivir;10
mostrar;10
contrario;10
leyendo;10
tampoco;10
persuadir;10
particular;10
aguardar;10
merece;10
jurar;10
conocimiento;10
mentira;10
humor;10
leandra;10
tome;10
casos;10
ayuda;10
llevando;10
volviendo;10
trance;10
dalle;10
sufrir;10
claras;10
infanta;10
arriero;10
teniendo;10
celada;10
determinado;10
importa;10
novela;10
diego;10
dejaron;10
salieron;10
trato;10
encantador;10
puertas;10
artificio;10
procura;10
aguas;10
venida;10
poniendo;10
quedase;10
simple;10
digna;10
pasados;10
estamos;10
valerosos;10
ligereza;10
faltar;10
marcela;10
estruendo;10
necesario;10
furia;9
leguas;9
quienquiera;9
famosa;9
roto;9
honesto;9
poeta;9
fecho;9
altos;9
verdaderas;9
darte;9
trecho;9
hacerle;9
cueros;9
pudieran;9
sentimiento;9
puestas;9
pieza;9
salud;9
justas;9
efecto;9
dignas;9
hermanos;9
quisiere;9
quisiese;9
levantar;9
cuantas;9
arte;9
nacido;9
sabido;9
golpes;9
sentado;9
recebir;9
entraron;9
corona;9
arriba;9
espaldas;9
pudiendo;9
falte;9
atado;9
juramento;9
hablaba;9
joya;9
estimar;9
derecho;9
ponga;9
quite;9
aviso;9
honrado;9
solas;9
esperanzas;9
acaba;9
terrible;9
saben;9
condado;9
mandado;9
jaez;9
descuido;9
ruego;9
intento;9
reinos;9
ayer;9
procurar;9
esperaba;9
imitar;9
pensado;9
somos;9
propuso;9
justa;9
cabreros;9
discretas;9
diferentes;9
discretos;9
cuadrillero;9
seguridad;9
sobrina;9
proseguir;9
sacarle;9
diablos;9
procuraba;9
traen;9
sacado;9
abriendo;9
supiera;9
imagen;9
mora;9
prudencia;9
vive;9
paraba;9
largo;9
habido;9
volvieron;9
enemiga;9
molinos;9
dijeron;9
casarse;9
desa;9
sospecha;9
pecado;8
sano;8
romance;8
flor;8
honesta;8
ausente;8
vinieron;8
estuvieron;8
halla;8
casado;8
corta;8
hambre;8
den;8
muelas;8
laberinto;8
suplico;8
joyas;8
contenta;8
iguales;8
verdaderos;8
enemigos;8
vee;8
ven;8
grave;8
prosigue;8
linda;8
rabia;8
espero;8
improviso;8
entiendo;8
quieras;8
instrumento;8
presentes;8
sitio;8
hermoso;8
hubieran;8
llega;8
volviese;8
testigos;8
quisieron;8
emperador;8
ayudar;8
viaje;8
debes;8
autores;8
sucedido;8
entretener;8
lecho;8
pobreza;8
mirase;8
encubrir;8
mulas;8
siete;8
desgracias;8
determinaron;8
valle;8
hallazgo;8
error;8
milagro;8
mandar;8
poetas;8
acababa;8
reposo;8
sabiendo;8
muerta;8
maldiciones;8
disculpa;8
tocar;8
riqueza;8
breve;8
tocaba;8
viejo;8
hilo;8
dondequiera;8
confianza;8
gigantes;8
cabras;8
soldados;8
beber;8
conciencia;8
justicia;8
meses;8
carga;8
legua;8
yerbas;8
atento;8
maese;8
piedras;8
soldado;8
cubierto;8
materia;8
rayos;8
conviene;8
principales;8
dientes;8
pasada;8
envidia;8
efeto;8
andan;8
estima;8
ordinario;8
pasara;8
non;8
vuelve;8
vela;8
acabaron;8
cabestro;8
enamorados;8
presente;8
gritos;8
pura;8
desenvoltura;8
corral;8
ingenios;8
felice;8
querida;8
recato;8
hallarse;8
ciertos;8
faltado;8
parecen;8
honrados;8
mismos;8
desnudo;8
mostrarse;8
decirse;8
ganar;8
subieron;8
cristiana;8
ricos;8
tengas;8
prueba;8
accidente;8
alcanza;8
vecino;8
concertado;8
escudo;8
responde;8
maleta;8
piensa;8
vine;8
deciros;8
dinero;8
echado;8
deje;8
principalmente;8
miserable;8
mortal;8
acomodado;8
hierro;8
linaje;8
gonzalo;7
ventaja;7
guardas;7
sala;7
durmiendo;7
desdichada;7
mancebo;7
tuyo;7
galeras;7
comenzaba;7
entendido;7
incomparable;7
cerrado;7
aparte;7
cometido;7
ofrecer;7
gozar;7
prudente;7
quince;7
entrada;7
hubiesen;7
sustentar;7
premio;7
trigo;7
coces;7
entrando;7
dijera;7
darles;7
llamando;7
supe;7
frailes;7
do;7
entra;7
noble;7
atrevido;7
bella;7
hubieron;7
castigar;7
quitan;7
bellaco;7
arrieros;7
defensa;7
diole;7
soltar;7
voto;7
arrogante;7
socorrer;7
manifiesto;7
torno;7
firme;7
gaula;7
detuvo;7
pelea;7
dimos;7
fuente;7
venimos;7
ratos;7
diesen;7
negar;7
herida;7
escrita;7
vuelven;7
llamarse;7
enfermedad;7
suspensos;7
descomunal;7
excusar;7
acabada;7
falso;7
viniera;7
escuchaba;7
leal;7
gobernador;7
escuchado;7
cuello;7
rucio;7
sospechas;7
lienzo;7
tornaron;7
siglos;7
importancia;7
profundo;7
soledad;7
espuelas;7
mes;7
naturales;7
deshacer;7
parezca;7
recibir;7
suspiros;7
ignorante;7
humildad;7
vuelva;7
cansancio;7
dicha;7
maestro;7
despojos;7
desmayo;7
ora;7
hechas;7
puro;7
levantado;7
casar;7
siguieron;7
prosiguiendo;7
liberal;7
advertido;7
satisfacer;7
traza;7
hayan;7
fortaleza;7
colgado;7
tuviere;7
morir;7
sentido;7
hagan;7
traer;7
antigua;7
antiguo;7
dejaban;7
adarga;7
agi;7
yace;7
naturaleza;7
menoscabo;7
consiste;7
males;7
claramente;7
tercera;7
quedara;7
cara;7
andando;7
tratan;7
yerba;7
sierras;7
curar;7
deshora;7
apacible;7
lastimada;7
pagado;7
rogar;7
freno;7
amar;7
comedia;7
reales;7
abrazar;7
verla;7
dello;7
cae;7
rendido;7
pido;6
prendas;6
estarse;6
llamada;6
ambrosio;6
raras;6
sirva;6
sirve;6
comprar;6
buscarle;6
clavija;6
halle;6
manso;6
temo;6
cuesta;6
tocantes;6
lunar;6
darse;6
consiente;6
cuchilladas;6
imperio;6
blancas;6
ves;6
prometo;6
mezcla;6
suspenso;6
hacerla;6
declaraba;6
callar;6
llevase;6
luengos;6
azote;6
remediar;6
cuero;6
juntos;6
recogiendo;6
goleta;6
rara;6
quisieres;6
pasamonte;6
rato;6
heredera;6
hideputa;6
seco;6
gracia;6
levantarse;6
considerar;6
librillo;6
bienes;6
seno;6
virtudes;6
suelta;6
imaginaba;6
quietud;6
veamos;6
azotes;6
tomaba;6
pidiendo;6
fatigaba;6
solicitud;6
olvido;6
sabios;6
hermandad;6
desesperado;6
flores;6
alzar;6
agujero;6
calle;6
santo;6
prado;6
mirado;6
movimientos;6
negra;6
miraba;6
admirada;6
crueldad;6
letura;6
ejemplos;6
fermosura;6
espantable;6
prometer;6
llamaban;6
habilidad;6
olor;6
quejas;6
noches;6
siguiente;6
medroso;6
desdichas;6
contando;6
trueco;6
regocijo;6
armados;6
encina;6
adorno;6
peligros;6
honroso;6
harto;6
piernas;6
consolar;6
razonable;6
hubiere;6
zagal;6
falsa;6
queriendo;6
acomodarse;6
vais;6
penas;6
desdicha;6
sigue;6
hermosas;6
acabase;6
cinchas;6
agravios;6
continente;6
llenos;6
cuyos;6
prometida;6
canto;6
haberla;6
caminantes;6
apartarse;6
derecha;6
vulgo;6
arroyo;6
vengar;6
ningunas;6
repuesto;6
aprovechar;6
vencido;6
desventuras;6
pase;6
mientes;6
acabe;6
conocieron;6
escritos;6
apriesa;6
cuchillada;6
escritas;6
ciencia;6
cubrir;6
defender;6
yendo;6
tesoro;6
vencedor;6
desaforados;6
abrir;6
acertar;6
amada;6
osaba;6
bastaba;6
andas;6
amorosa;6
color;6
poderoso;6
billete;6
quemar;6
romper;6
consejos;6
iglesia;6
alegres;6
alcuza;6
vengo;6
desventura;6
caber;6
vencer;6
casas;6
profesan;6
tarde;6
cuentos;6
peligrosa;6
cautiva;6
tronco;6
pro;6
decirte;6
suceden;6
dejan;6
mismas;6
respetos;6
paredes;6
dejarme;6
atentamente;6
blanca;6
rodrigo;6
fasta;6
amorosas;6
bosque;6
lealtad;6
comisario;6
causas;6
diere;6
dejes;6
cansado;6
averiguar;6
castellano;6
cumplido;6
consuelo;6
misterio;6
nobleza;6
trujeron;6
mostrado;6
infierno;6
pandafilando;6
considerando;6
dura;6
limpia;6
fatiga;6
ofrecimientos;6
armada;6
cerrar;6
cruz;6
perlas;6
sal;6
usado;6
pique;6
debo;6
humana;6
mueva;6
digan;6
dejara;6
servicios;6
recado;6
castigo;6
quedamos;6
pareciese;6
podemos;6
temerosos;6
comenzar;6
guarde;5
bastantes;5
advirtiese;5
cid;5
regalo;5
rostros;5
pasando;5
pecador;5
pecados;5
ovejas;5
disparatados;5
campos;5
advertir;5
volviesen;5
anduvo;5
cantar;5
hiciesen;5
acabando;5
debieron;5
testamento;5
malicia;5
sudor;5
enano;5
gobernar;5
bernardo;5
manda;5
usa;5
recebido;5
alboroto;5
bajo;5
saliendo;5
tomad;5
bardas;5
hueco;5
despedirse;5
descubre;5
sirven;5
acrecentar;5
acomodados;5
derrota;5
sentidos;5
anoche;5
malezas;5
detener;5
hamete;5
pierna;5
ventanas;5
echaron;5
tinto;5
entiende;5
lleve;5
camarada;5
representar;5
corriendo;5
huir;5
memorias;5
bueyes;5
decille;5
aventureros;5
pierres;5
hombro;5
gala;5
justos;5
retrato;5
vistas;5
argel;5
amarga;5
diligencias;5
jornada;5
continuos;5
levantaron;5
singular;5
so;5
llegamos;5
pesaba;5
desatino;5
amiga;5
alabanza;5
heridas;5
invenciones;5
salga;5
doloroso;5
vieres;5
hablase;5
cartas;5
lago;5
asaltos;5
quede;5
lana;5
reposar;5
hincar;5
disparate;5
espanto;5
labios;5
confirmar;5
imposibilidad;5
deseosos;5
pedirle;5
advierta;5
quijada;5
pedido;5
tomase;5
costal;5
sujetos;5
firma;5
acudieron;5
milagros;5
tardanza;5
nueve;5
toque;5
victoria;5
alcaide;5
misericordia;5
mesa;5
monesterio;5
piensas;5
negro;5
suyas;5
empresas;5
socorro;5
cide;5
oler;5
ingrata;5
nombrar;5
agradecimiento;5
camisas;5
cima;5
aventurero;5
franceses;5
temiendo;5
gremio;5
ladrones;5
llamaron;5
muestre;5
honrosa;5
coloquio;5
traerle;5
estrecheza;5
llevarle;5
ciego;5
famosas;5
sentir;5
vomitar;5
confieso;5
blasfemias;5
piedra;5
vano;5
jaula;5
hojas;5
escritura;5
hablado;5
llenas;5
encomendarse;5
deshonra;5
place;5
firmes;5
canta;5
siguiendo;5
vivos;5
licor;5
almas;5
lea;5
desmayada;5
encuentro;5
quedarse;5
decoro;5
vasallos;5
hable;5
sacando;5
fiero;5
pechos;5
estotro;5
tierno;5
concedido;5
ajena;5
rienda;5
infinitos;5
conseguir;5
aprieta;5
celos;5
avino;5
propia;5
redonda;5
diente;5
pusiesen;5
lenguas;5
senda;5
polvo;5
mudado;5
rueda;5
menesterosos;5
casta;5
vengarse;5
ofender;5
cuanta;5
tono;5
callando;5
toma;5
autoridad;5
fingiendo;5
eche;5
echa;5
pasase;5
imagino;5
estrellas;5
pensase;5
estuvimos;5
compuesto;5
tiento;5
usan;5
cantaba;5
veis;5
ancas;5
hilas;5
montes;5
dellas;5
venid;5
achaque;5
cumpla;5
derribado;5
cola;5
vence;5
frente;5
come;5
aldonza;5
faltase;5
contentos;5
concierto;5
inconveniente;5
procurando;5
batallas;5
carrera;5
compuso;5
diferencia;5
agradezco;5
componen;5
manadas;5
continua;5
eterno;5
pusiera;5
mudar;5
temer;5
determinaba;5
quitarte;5
estuve;5
dejarle;5
bajar;5
quitarme;5
encaminar;5
puedan;5
estrella;5
quitaron;5
ambas;5
blanda;5
sandez;5
tengan;5
encantados;5
labradora;5
serlo;5
probase;5
buenamente;5
desaforado;5
esfuerzo;5
maneras;5
seguramente;5
venideros;5
talante;5
turbar;5
guisa;5
atrevimiento;5
simples;5
menudo;5
caballos;5
caja;5
soledades;5
primeras;5
llegasen;5
habedes;5
salteador;5
llegaban;5
trujo;5
camisa;5
sed;5
obligada;5
temiera;5
apartar;5
dijesen;5
digas;5
dejo;5
sevilla;5
filos;5
admirados;5
averiguado;5
cincuenta;5
verso;5
indicio;5
casarme;5
tened;5
pida;4
guardan;4
puntos;4
levantadas;4
maldad;4
asida;4
ropa;4
imposibilitado;4
lleven;4
apearse;4
ande;4
huele;4
resucitar;4
llevados;4
convertido;4
desierta;4
tuviesen;4
desear;4
aprovecharse;4
encantadores;4
salario;4
conocidos;4
demanda;4
prender;4
nubes;4
dificultad;4
manta;4
tela;4
corre;4
coloquios;4
galera;4
desdenes;4
des;4
arzobispo;4
nudo;4
juntarse;4
cerrada;4
tiernos;4
palma;4
imaginando;4
tuerto;4
recebida;4
descubriese;4
entretanto;4
embajada;4
almohada;4
escuchar;4
malo;4
puntas;4
ilustre;4
embestir;4
batanes;4
impedimento;4
haremos;4
mata;4
entretenimiento;4
rogaron;4
promesa;4
empleada;4
sucediese;4
hacerlo;4
secretos;4
apretar;4
graves;4
notorio;4
ocupada;4
murmurando;4
pasatiempo;4
gallardo;4
acertara;4
dijere;4
cuarenta;4
renta;4
hallara;4
ocasiones;4
vistos;4
fineza;4
llevo;4
prenda;4
dejamos;4
simplicidades;4
endiablada;4
galeotes;4
quebrantado;4
fosca;4
reventar;4
historiador;4
poderse;4
majestad;4
escrutinio;4
piadoso;4
muchacha;4
dime;4
divino;4
hachas;4
raya;4
votos;4
bachiller;4
mentirosos;4
placer;4
desigual;4
desfacedor;4
fiestas;4
escondida;4
vicente;4
iguala;4
dejalle;4
pesada;4
prosupuesto;4
recelo;4
pierde;4
pudiesen;4
queden;4
norte;4
apellido;4
salen;4
dignos;4
continuas;4
abierto;4
duras;4
capitana;4
hablara;4
aparejos;4
castillos;4
quedo;4
alzaron;4
amparo;4
caminaba;4
aumento;4
viniendo;4
zapatos;4
amantes;4
escrituras;4
encierra;4
tiro;4
advierte;4
barbado;4
escondidos;4
difunto;4
contiene;4
enfada;4
entrega;4
profundos;4
importaba;4
hallan;4
plantas;4
fuertes;4
decencia;4
maltrecho;4
trasladar;4
ruin;4
dificultoso;4
movieron;4
contravenir;4
brevemente;4
tuvimos;4
libranza;4
cerradas;4
deshizo;4
invierno;4
encantamento;4
obliga;4
obligo;4
abrazado;4
dedos;4
amador;4
quitaba;4
mentirosa;4
derramando;4
partida;4
resta;4
cayese;4
cayera;4
callaba;4
descubrieron;4
desaguisado;4
capaz;4
veremos;4
compra;4
gobierno;4
causaba;4
riberas;4
remo;4
entierro;4
rigurosa;4
saque;4
servirle;4
recibe;4
recibo;4
queremos;4
fuimos;4
pensativo;4
prosiga;4
parto;4
tirante;4
llevaron;4
cayeron;4
ligera;4
candil;4
molino;4
tinacrio;4
besaba;4
huesos;4
plaza;4
soberbia;4
movimiento;4
hermosos;4
borrasca;4
puente;4
habemos;4
parecerme;4
tocado;4
quejarse;4
queso;4
pardo;4
soberana;4
coger;4
pescador;4
suceda;4
collar;4
usando;4
cadenas;4
viera;4
viere;4
abrazada;4
sentar;4
cuatrocientos;4
inclinada;4
asegurar;4
ofrecieron;4
apariencia;4
miraban;4
contraria;4
castigado;4
ardiente;4
pongo;4
venturosa;4
venturoso;4
bebas;4
trote;4
ordena;4
haberme;4
tomaron;4
afirmar;4
fuga;4
acaecimientos;4
lee;4
presa;4
rescate;4
manada;4
esperaban;4
alcurnia;4
paja;4
vencida;4
gastar;4
letrado;4
atenta;4
infinidad;4
sosegados;4
escoger;4
peleando;4
manteado;4
monte;4
demasiadamente;4
recta;4
ricardo;4
micomicona;4
despacio;4
diremos;4
inconvenientes;4
cirongilio;4
pidiese;4
cubierta;4
sabed;4
quedaban;4
propio;4
setenta;4
ganancia;4
acostumbrado;4
acostumbrada;4
gusta;4
valerosa;4
alcance;4
inauditas;4
ruegos;4
desembarcado;4
redoma;4
amado;4
elisabat;4
maldiciendo;4
encierran;4
dichoso;4
convidaba;4
amoroso;4
alivio;4
pensaban;4
riscos;4
poderosa;4
enmienda;4
vender;4
galas;4
recogida;4
parecieron;4
sollozos;4
corteses;4
trataba;4
viesen;4
lorenzo;4
metido;4
confirmo;4
acordamos;4
amenazas;4
dada;4
ojo;4
luciente;4
merecido;4
diferente;4
llanto;4
caminando;4
ocioso;4
flaqueza;4
acabasen;4
descubrir;4
puta;4
liga;4
alteza;4
considera;4
denuedo;4
aguardaban;4
hallarme;4
cogido;4
encoger;4
aire;4
advertida;4
fruto;4
bellotas;4
dudoso;4
medios;4
viernes;4
proceder;4
maravillosa;4
juramentos;4
pelo;4
estorbar;4
procurase;4
mentiras;4
acciones;4
siguiese;4
peso;4
darnos;4
cantando;4
turbamulta;4
olvidado;4
llover;4
amorosos;4
fiel;4
probado;4
colgada;4
litera;4
quitarle;4
pensando;4
parecerles;4
blando;4
mambrino;4
puntualmente;4
tablas;4
provincias;4
tardado;4
cristal;4
simplicidad;4
reposada;4
abiertos;4
paradero;4
dejasen;4
mazos;4
descuidado;4
imitando;4
recibido;4
encaminaban;4
enviar;4
reducir;4
vayas;4
quitarles;4
cree;4
desnudez;4
vayan;4
sacaba;4
echando;4
pregunta;4
fondo;4
buscaba;4
princesas;4
libremente;4
tristes;4
llegase;4
torralva;4
cuarto;4
modos;4
llamo;4
humilde;4
antiguos;4
ave;4
admirar;4
miseria;4
limpio;4
frontero;4
deleitar;4
llegara;4
pasadas;4
celoso;4
viva;4
mentir;4
humano;4
tabla;4
particularmente;4
faltan;4
fuertemente;4
espadas;4
bendita;4
suspiro;4
necesaria;4
averiguada;4
facilitar;4
deso;4
haberles;4
indicios;4
cebada;4
encerrado;4
docientos;4
guardado;4
guardaba;4
estrechamente;4
confesar;4
hallando;3
ten;3
titulo;3
concede;3
conceda;3
mezclados;3
graciosa;3
concertaron;3
asido;3
consintiera;3
pidieron;3
lascivo;3
piden;3
gravedad;3
estuviesen;3
hase;3
dormido;3
arrojaba;3
salgamos;3
rota;3
gota;3
compostura;3
remos;3
blancos;3
sayo;3
acogimiento;3
repitiendo;3
saya;3
siente;3
siento;3
ofrecido;3
libertador;3
arminio;3
entremeterse;3
traigo;3
pendencias;3
corto;3
vencimiento;3
pongan;3
sinrazones;3
das;3
cabizbajo;3
corte;3
realmente;3
faltaran;3
adornos;3
cuan;3
mercader;3
comunicar;3
resplandor;3
considerase;3
sustentado;3
sobra;3
nacimiento;3
despedirme;3
palmo;3
testimonio;3
otorgo;3
menudas;3
necio;3
ninfas;3
boyero;3
agujeros;3
ansimismo;3
cupo;3
gozan;3
acostumbrados;3
desalmados;3
propiedad;3
hombros;3
toman;3
trujese;3
arena;3
arrepentido;3
acomodar;3
seguros;3
saltar;3
volvamos;3
nacidos;3
amenazando;3
hicieran;3
morena;3
destreza;3
caldero;3
hallamos;3
rogarle;3
oyes;3
dificultades;3
acertada;3
juzgar;3
turba;3
turbe;3
turco;3
aderezada;3
consentir;3
sentimientos;3
levantaban;3
entrase;3
justamente;3
celo;3
recatos;3
idiota;3
replicarle;3
contarla;3
ocupado;3
naturalmente;3
cena;3
hacerte;3
destruir;3
gallarda;3
acertare;3
hube;3
enjaulado;3
miguel;3
rendir;3
remedios;3
jornadas;3
representan;3
hallase;3
topar;3
levanta;3
necesarias;3
claridad;3
desposado;3
ausencias;3
faz;3
quisieran;3
vuelo;3
declarase;3
entramos;3
conoce;3
miente;3
rumor;3
feo;3
huirse;3
habeis;3
remate;3
trescientas;3
medianamente;3
espacioso;3
dadas;3
oigo;3
discursos;3
sujeta;3
avisar;3
llego;3
quisieren;3
mangas;3
detenerse;3
lamentable;3
disimular;3
gato;3
pintado;3
defenderme;3
viejos;3
leyese;3
poderlo;3
titubear;3
llamamos;3
corresponder;3
quedos;3
acontecido;3
juzgue;3
oreja;3
huyendo;3
hermanas;3
quinientos;3
firmeza;3
escondido;3
saliera;3
ejercicios;3
concluir;3
terciopelo;3
quererla;3
pierda;3
ingenioso;3
alcanzarle;3
tenida;3
extraordinarios;3
sesenta;3
manchego;3
receta;3
presupuesto;3
cubrirse;3
ordinarios;3
sestear;3
tagarino;3
desfacer;3
estrecha;3
estrecho;3
novel;3
incomodidad;3
mortales;3
ventas;3
turbado;3
vivas;3
coyuntura;3
conduce;3
desea;3
largas;3
muro;3
queja;3
deseada;3
salimos;3
parientes;3
persuadiendo;3
mesmas;3
viuda;3
saltando;3
dieran;3
solicitar;3
enamorada;3
beneficio;3
llaves;3
desesperaba;3
tira;3
golpear;3
torre;3
ofrezco;3
manifiesta;3
quijadas;3
atreven;3
asaz;3
bebe;3
tomara;3
ignorar;3
coronas;3
despierto;3
felixmarte;3
requiere;3
tapices;3
lumbre;3
comieron;3
cueva;3
supieron;3
profeso;3
ensillar;3
admiraba;3
entregado;3
escuela;3
maravilla;3
dificultosa;3
incomodidades;3
podrido;3
docenas;3
respondelle;3
ponello;3
desembarazado;3
discordia;3
recuesto;3
medianera;3
inclemencias;3
nieve;3
concernientes;3
malditos;3
herido;3
prometen;3
quejar;3
cielos;3
fresca;3
riquezas;3
advertencia;3
trocar;3
delicado;3
pozo;3
tormento;3
partido;3
resto;3
cobrado;3
cubiertos;3
acuerdan;3
armar;3
galeota;3
acto;3
vuelvan;3
vuelvas;3
ejercitando;3
sosegado;3
sosegada;3
atentado;3
reja;3
llamarla;3
encerrar;3
ginesillo;3
mercaderes;3
harta;3
riguroso;3
comienza;3
cuita;3
fueren;3
serviros;3
inventor;3
ignorancia;3
perdonar;3
prosiguen;3
restituya;3
agradables;3
manteles;3
siglo;3
paraban;3
forzar;3
acomodaron;3
amanecer;3
despertaba;3
ligero;3
quitalle;3
leales;3
encomendarme;3
humanas;3
tiraba;3
viniere;3
caminaban;3
sigo;3
soberbio;3
comunique;3
rinda;3
bautismo;3
total;3
criadas;3
atada;3
deuda;3
vara;3
inventaron;3
epitafio;3
calabazadas;3
oraciones;3
toser;3
sentarse;3
extrema;3
conoces;3
contase;3
viven;3
entretenido;3
entrasen;3
enviase;3
cobarde;3
firmas;3
enviado;3
agradecer;3
molde;3
naciones;3
esencia;3
cieno;3
despertado;3
llamase;3
perezosos;3
cejas;3
criada;3
docto;3
fermosas;3
opresos;3
vasalla;3
anillo;3
haberlo;3
enanos;3
satisfecha;3
enterado;3
tratamiento;3
conservar;3
urgente;3
hacha;3
entendiendo;3
esforzado;3
guardarme;3
haced;3
besar;3
haces;3
ponen;3
partirse;3
ansias;3
bajeles;3
obligados;3
generoso;3
desventurado;3
afligida;3
permitiese;3
emperatriz;3
honraba;3
tomarle;3
advertidos;3
despojado;3
imposibles;3
guardarse;3
invencible;3
juana;3
acariciar;3
forzosamente;3
pompa;3
zapatetas;3
pluma;3
centro;3
vivaldo;3
mirarle;3
asturiana;3
insolencia;3
acuerde;3
duele;3
subiendo;3
dote;3
ganadero;3
orejas;3
ovillo;3
cuartos;3
verano;3
cesaba;3
tragedia;3
despertar;3
comedimiento;3
cortos;3
recua;3
descargar;3
socorrerle;3
ajeno;3
dichas;3
determinamos;3
entero;3
velar;3
suspirar;3
comiendo;3
tenerme;3
tenerla;3
diana;3
desesperados;3
premiar;3
locos;3
negros;3
varias;3
apartarme;3
encuentran;3
bogaban;3
peregrina;3
recio;3
abajo;3
permite;3
indigno;3
reinas;3
respuestas;3
dignidad;3
puntualidad;3
decidme;3
agraviado;3
cabra;3
visitar;3
moras;3
ricamente;3
honor;3
molimiento;3
descubriendo;3
acordaba;3
dichosa;3
anchuras;3
palmadas;3
intentar;3
perro;3
designio;3
merecen;3
honestos;3
guiando;3
pruebas;3
vuelvo;3
vean;3
compuesta;3
confusa;3
cenaron;3
gentileza;3
descuidos;3
sentencia;3
muchachos;3
advirtieron;3
procuran;3
menudencias;3
vieses;3
mengua;3
recompensa;3
encontrar;3
ahorrar;3
desechar;3
grandezas;3
pusimos;3
hallaste;3
vente;3
nombrado;3
vete;3
sentencias;3
hecimos;3
porfiar;3
rodela;3
reliquias;3
fidelidad;3
descanso;3
grueso;3
sacra;3
quito;3
claros;3
ociosa;3
robar;3
fiesta;3
dame;3
cabecera;3
hondo;3
izquierda;3
sepan;3
sepas;3
cuernos;3
follones;3
babieca;3
llevamos;3
sudaba;3
hallarle;3
remota;3
arrimado;3
enjalmas;3
encerrados;3
atender;3
ocupa;3
sobrenombre;3
excede;3
esclavo;3
recogimiento;3
maravilloso;3
subiese;3
amante;3
tierras;3
perdiese;3
vestida;3
canalla;3
faltando;3
ceremonias;3
miran;3
hayas;3
acontecer;3
infame;3
ginebra;3
cuentas;3
burlas;3
conocemos;3
aprovecha;3
esperad;3
archivo;3
hurto;3
majada;3
fiar;3
soez;3
ricas;3
quitarse;3
sagacidad;3
puertos;3
alonso;3
estrechas;3
maligno;3
crece;3
gitano;3
puedas;3
alrededor;3
librar;3
moneda;3
dejarse;3
advertimiento;3
costillas;3
dejarte;3
libres;3
calzones;3
gozando;3
villa;3
entereza;3
tuertos;3
osado;3
cartapacios;3
largamente;3
descubrirse;3
toquen;3
maldita;3
hagas;3
comida;3
perpetuo;3
causar;3
perpetua;3
acreditar;3
tardaba;3
encaminado;3
cuerpos;3
rencor;3
reposado;3
debida;3
movidos;3
topado;3
regla;3
despojaron;3
trayendo;3
cansados;3
fingir;3
escribiese;3
murallas;3
ras;3
isla;3
cautivaron;3
propios;3
bonitamente;3
miembros;3
pentapolin;3
reglas;3
espantado;3
estera;3
guardase;3
nace;3
demasiada;3
alba;3
costilla;3
contigo;3
trasluce;3
seguido;3
cuarta;3
atadas;3
subido;3
notaba;3
dure;3
verdes;3
margen;3
acierto;3
cansarse;3
hablarle;3
saliesen;3
saberse;3
case;3
piense;3
caro;3
deleitan;3
usaba;3
atados;3
flema;3
encantos;3
responderme;3
reinaldos;3
decirme;3
igual;3
comenzamos;3
tajado;3
circunstantes;3
furibundos;3
lastimado;3
innumerables;3
dedo;3
calamidades;3
oyese;3
pagano;3
paciendo;3
haberlos;3
deis;3
rosario;3
mejorado;3
pobres;3
extender;3
perdidos;3
preguntase;3
asperezas;3
ganase;3
veros;3
mudanza;3
dese;3
ojeriza;3
saca;3
conociera;3
pedazo;3
concertaba;3
embrazando;3
falsos;3
detuvieron;3
sobresaltos;3
suave;3
vengado;3
aguardase;3
encerrada;3
verte;3
roja;2
casase;2
aconsejarme;2
casare;2
antonio;2
demostraciones;2
rodearon;2
muertas;2
llevas;2
caigo;2
piel;2
invicto;2
postura;2
gracioso;2
lomos;2
hueso;2
pidas;2
incitan;2
garci;2
esposas;2
limpieza;2
parezcan;2
quisiesen;2
vobis;2
hato;2
cotufas;2
soplar;2
pila;2
acabamos;2
nuevamente;2
jurado;2
ponerlos;2
suero;2
triunfar;2
apartado;2
alborotar;2
tuya;2
homicida;2
sequedad;2
lados;2
caballerizo;2
guarno;2
vueltas;2
trazas;2
consideraciones;2
encerramiento;2
meterme;2
sienta;2
disparatado;2
fuentes;2
colegir;2
llovida;2
desean;2
derechos;2
visera;2
presentarse;2
entregar;2
tiernas;2
florestas;2
bellos;2
apetito;2
furto;2
desigualdad;2
fraile;2
casaca;2
abreviar;2
pariente;2
frescas;2
circunstancias;2
perseguida;2
siguen;2
extremadura;2
naciese;2
acordarme;2
toparemos;2
desiertos;2
guardia;2
formar;2
acordaron;2
corso;2
imaginamos;2
pellicos;2
mojicones;2
aconsejaba;2
debiera;2
andarse;2
capilla;2
tragos;2
nube;2
furibundo;2
matando;2
erudito;2
zaque;2
desnudarse;2
partir;2
lazada;2
quinta;2
casamiento;2
soltalle;2
lobo;2
cubrieron;2
reprehendido;2
agradecida;2
quisiste;2
mando;2
encantamentos;2
forzados;2
comenzase;2
felicidad;2
use;2
ofrecen;2
deciendo;2
agradecido;2
cumpliese;2
bala;2
caldeas;2
abrazando;2
quinto;2
igualar;2
rompiendo;2
cure;2
estandarte;2
declarar;2
ministro;2
escuchad;2
intencionado;2
dijes;2
contornos;2
progreso;2
lope;2
devota;2
venirnos;2
pegar;2
apuntamiento;2
consideraba;2
escaparse;2
trabando;2
oscuras;2
conducido;2
interese;2
bogar;2
aquesa;2
escriba;2
arrobas;2
gozasen;2
noramala;2
losa;2
billetes;2
descubro;2
adherentes;2
carnes;2
cintas;2
mate;2
entraba;2
descubra;2
mato;2
conseja;2
consienten;2
servidos;2
recostado;2
mordiera;2
indias;2
sudar;2
tripas;2
subjeto;2
militar;2
alzaba;2
avivar;2
estacas;2
hirviendo;2
habitar;2
floripes;2
sufridor;2
monstruo;2
congoja;2
tranquilo;2
vil;2
cortesana;2
escondiese;2
hipogrifo;2
envuelto;2
temieron;2
coronado;2
sonetos;2
dividido;2
bosques;2
renombre;2
alinda;2
cosarios;2
riesgo;2
desarmarle;2
tinieblas;2
choza;2
ochenta;2
complacer;2
regalos;2
dijele;2
contarlo;2
golfo;2
humores;2
concluye;2
yelo;2
posibilidad;2
ponernos;2
islas;2
ajenas;2
antecogiendo;2
crecer;2
dureza;2
sube;2
suba;2
trataban;2
acontecimientos;2
barco;2
cuerdos;2
andemos;2
contentado;2
desvalijando;2
manchas;2
sacadas;2
quesada;2
contentaba;2
adivino;2
rabo;2
tendremos;2
luenga;2
alabado;2
luengo;2
tendidos;2
gustara;2
extiende;2
cuerdo;2
conjeturas;2
conjeturar;2
desamparar;2
pelillos;2
presentar;2
suma;2
relieves;2
doscientos;2
humo;2
leella;2
vellido;2
mozas;2
tropiece;2
casados;2
razonamientos;2
raja;2
jarro;2
sumo;2
respondido;2
juntar;2
soberbios;2
hierros;2
oiga;2
anales;2
espaciosa;2
confirmaron;2
deshoras;2
gane;2
ramo;2
pintando;2
creyera;2
desdichados;2
volviera;2
ordenaron;2
amparar;2
descansado;2
abrasados;2
dile;2
pintada;2
grandiosas;2
renuncio;2
esclavos;2
defenderse;2
montera;2
derechas;2
mostrando;2
conserve;2
heredero;2
ministros;2
delgada;2
divina;2
estuvieras;2
hallastes;2
portal;2
in;2
fementido;2
diversidad;2
encubiertos;2
encomendarnos;2
volando;2
poderle;2
triunfo;2
despiadado;2
tendieron;2
ferida;2
criatura;2
triunfa;2
turquesca;2
descompuestos;2
viriato;2
alquiler;2
seca;2
pajarillos;2
anexas;2
podimos;2
pesado;2
humedecer;2
seas;2
alcanzaron;2
librados;2
igualarse;2
duerme;2
echarle;2
sobras;2
levantarle;2
gaznatico;2
adoro;2
seda;2
rutina;2
acorrer;2
artificiosa;2
tenias;2
estemos;2
quedes;2
hablador;2
dadme;2
talento;2
echaras;2
pasaran;2
reparando;2
preceptos;2
curiosa;2
preciosa;2
enamorar;2
permitiendo;2
precioso;2
cortando;2
perdonaros;2
acodes;2
ceremonia;2
corrido;2
obligan;2
cobre;2
corrida;2
mentirosas;2
salgo;2
arguyo;2
gil;2
horadados;2
prosa;2
embustes;2
peligrosas;2
dolorosa;2
rubios;2
largos;2
capotillo;2
abierta;2
encendido;2
doliendo;2
vanas;2
encontrado;2
prevenir;2
deshonrado;2
hermosuras;2
arrodillada;2
sosegadamente;2
yegua;2
ilustres;2
apremio;2
imaginada;2
ciento;2
fuele;2
despedir;2
denantes;2
turbada;2
visiones;2
sacudiendo;2
limpiar;2
favorable;2
suspenden;2
desvalidos;2
hanegas;2
graciosas;2
guy;2
representantes;2
circunvecinas;2
previlegios;2
bogando;2
zafio;2
preguntalle;2
maravillas;2
virgen;2
lloraba;2
resoluta;2
competidor;2
debilitado;2
quejo;2
otorgue;2
rencuentros;2
quemaran;2
contrahechas;2
llorado;2
deseado;2
satisfechos;2
inhabitable;2
acreciente;2
aumenta;2
cortesanos;2
sabrosas;2
escanciadora;2
olvide;2
atrevidos;2
profesado;2
escondidas;2
encantamiento;2
envueltos;2
semana;2
zapato;2
falda;2
imitado;2
nacida;2
vidas;2
plegarias;2
arrancarse;2
repliques;2
solicitan;2
acosado;2
duermen;2
tirase;2
apretando;2
piedad;2
perros;2
doquiera;2
sabida;2
socorred;2
mirara;2
fugitiva;2
fuero;2
costar;2
granos;2
acabas;2
apretada;2
confundiese;2
crueles;2
daremos;2
griego;2
apretaba;2
cartapacio;2
quemado;2
bellacos;2
cortesanas;2
debiendo;2
convino;2
sobrevino;2
representadas;2
alterar;2
glorias;2
suyos;2
despierta;2
enferma;2
pienses;2
fiada;2
enfermo;2
escopeta;2
muley;2
arrojando;2
hiere;2
sucedidos;2
aborrecimiento;2
corrientes;2
guardados;2
errar;2
vengamos;2
piensan;2
diligentes;2
fantasma;2
moverle;2
fraude;2
doliente;2
lanzarote;2
pelota;2
premiados;2
conociendo;2
colmadas;2
desas;2
obligaciones;2
sucedidas;2
cuchillo;2
abajarse;2
escurecerse;2
manifestarse;2
gutierre;2
padrino;2
guirnaldas;2
condena;2
estribo;2
manifiestamente;2
faga;2
venerable;2
pagarle;2
bulto;2
polvareda;2
insolencias;2
vecinos;2
sanos;2
mujercillas;2
ponella;2
sucedieron;2
predicar;2
atar;2
rogando;2
entregara;2
manuel;2
socorrido;2
arremangado;2
acometen;2
salgan;2
juntando;2
atributos;2
enderezar;2
olla;2
tornar;2
tocare;2
supimos;2
apariencias;2
presupone;2
ira;2
entretuviese;2
mandan;2
serpiente;2
valenciano;2
experiencias;2
cambio;2
tornes;2
sosegase;2
depositario;2
entendiese;2
menguar;2
ademanes;2
llevaste;2
tibia;2
niegues;2
estatua;2
enemistad;2
pintaban;2
saltos;2
fechos;2
adquiriendo;2
indecente;2
examinase;2
inventarla;2
llamarte;2
ensillase;2
lumbres;2
ignoraban;2
constantinopla;2
pasan;2
fueras;2
ligeramente;2
trasportado;2
novedad;2
causado;2
anejas;2
concertadas;2
miembro;2
ofreciese;2
compre;2
llamarle;2
callaban;2
comparaciones;2
ensartando;2
jinete;2
mueren;2
animales;2
detestable;2
cobrase;2
servirla;2
lobos;2
proprio;2
traerme;2
curiosas;2
disponer;2
gustos;2
roballa;2
advirtiendo;2
perfecto;2
anduviesen;2
costumbres;2
anulaba;2
hacernos;2
divinas;2
coronados;2
facilitaba;2
despidieron;2
llevarme;2
encantada;2
lanzas;2
nadando;2
furiosa;2
ofensa;2
vado;2
competencia;2
sectas;2
medicina;2
necedad;2
ciega;2
cofre;2
sierpe;2
echad;2
semejaban;2
prosiguiese;2
arzobispos;2
sabrosamente;2
asnos;2
inquietud;2
emperadores;2
desfaga;2
decid;2
murieron;2
cabezas;2
conocen;2
apear;2
plata;2
tornando;2
resuelta;2
claustro;2
restaba;2
madera;2
plazo;2
sabrosa;2
usanza;2
sabroso;2
disculpo;2
vana;2
rinde;2
caminasen;2
honras;2
escopetas;2
castas;2
tiros;2
sello;2
tocas;2
diose;2
playa;2
esculpirse;2
apuntarme;2
vase;2
lastimeras;2
extremado;2
tajar;2
sentaron;2
graduado;2
sigan;2
ciencias;2
despojo;2
demonios;2
villanos;2
pasamos;2
zagalas;2
once;2
delitos;2
bonetillo;2
escogidos;2
oficios;2
aires;2
hito;2
cantillo;2
quimeras;2
heredado;2
caminaron;2
deseoso;2
encender;2
departir;2
estimas;2
cortaron;2
canse;2
corresponda;2
principios;2
alcanzan;2
tendida;2
fatigar;2
matas;2
respondiese;2
morisco;2
envidiosos;2
prados;2
faltaban;2
furioso;2
hijodalgo;2
morisca;2
anduviera;2
escogido;2
inclinado;2
cualesquiera;2
doblando;2
enterrar;2
infinita;2
notable;2
fingidos;2
infinito;2
afincamiento;2
redunda;2
pintados;2
redunde;2
hablan;2
archivos;2
matrimonio;2
resiste;2
fieras;2
replicar;2
abismo;2
ansia;2
nigromante;2
cargar;2
hinojos;2
beben;2
podamos;2
presta;2
besad;2
imaginados;2
demonio;2
zagales;2
hacello;2
hacelle;2
cargaba;2
entretuvieron;2
lusitano;2
tomarse;2
relatando;2
solicito;2
blancura;2
empleando;2
estribos;2
vengan;2
afirman;2
contentar;2
polainas;2
ermita;2
doctor;2
tumbas;2
esperasen;2
empache;2
tomarla;2
preso;2
aspereza;2
cumbre;2
dichosas;2
almenas;2
mocedad;2
fieros;2
precia;2
santidad;2
paga;2
diste;2
precio;2
paje;2
cocido;2
alcanzado;2
muslos;2
corrillos;2
mirarla;2
mido;2
ardiendo;2
alcanzaba;2
sirviese;2
sosiegue;2
costase;2
cordel;2
contrahecha;2
pradecillo;2
verdugo;2
castilla;2
profesaron;2
accidentes;2
creciendo;2
igualmente;2
galope;2
semeja;2
duela;2
cierre;2
razonamiento;2
infernal;2
encerrarme;2
ayudase;2
mandaba;2
hallados;2
hablo;2
milo;2
decirles;2
dilata;2
cesaban;2
roncesvalles;2
monta;2
hasme;2
acometiendo;2
habla;2
alejandro;2
robada;2
encerrarle;2
mina;2
fiera;2
transformaciones;2
acudiendo;2
mientas;2
provincia;2
abriera;2
misa;2
universo;2
consigue;2
insolentes;2
ligeras;2
alcanzara;2
concluyese;2
quitando;2
excelencia;2
feas;2
despacho;2
patria;2
alcanzase;2
regaladas;2
descaminado;2
vituperios;2
dobla;2
alemania;2
sustento;2
pensares;2
acabadas;2
descomulgados;2
soldada;2
senos;2
comiese;2
aqueste;2
tentar;2
competir;2
eses;2
sarna;2
necesitados;2
velas;2
animal;2
hembra;2
vitoria;2
objeto;2
majadero;2
estrellado;2
alojar;2
bogasen;2
alojado;2
quitase;2
imprimir;2
alojaba;2
paces;2
declararle;2
millas;2
declararme;2
pollinos;2
cabalgaduras;2
quitara;2
aguardando;2
pacer;2
sacamos;2
pretendientes;2
ofrece;2
encadenados;2
encamisados;2
tomasen;2
gordo;2
vello;2
patio;2
flacos;2
religiosos;2
sufrimiento;2
negase;2
infinitas;2
peregrino;2
corrediza;2
posesor;2
escribirle;2
quieto;2
sarta;2
entradas;2
torcer;2
escribirme;2
templo;2
valencia;2
arroja;2
francia;2
asegurara;2
estimada;2
elegir;2
acabaste;2
influjo;2
vengarme;2
tachas;2
flaca;2
palmos;2
repentina;2
repentino;2
reverencio;2
envidioso;2
preguntaron;2
reinar;2
malparado;2
bravos;2
derramar;2
preguntarme;2
ayudarle;2
desinteresada;2
cosecha;2
ofenden;2
costosa;2
risco;2
pugnaba;2
prerrogativa;2
satisfaceros;2
cerraron;2
rancor;2
ensillando;2
estancia;2
deshonestidades;2
aprovechamiento;2
despensa;2
navego;2
deshechas;2
vestir;2
empaches;2
visitas;2
instrumentos;2
torcido;2
versado;2
alifanfaron;2
esconderse;2
intensa;2
mudase;2
andad;2
preguntarse;2
estimaba;2
caterva;2
atraer;2
preguntarte;2
vislumbres;2
ayude;2
cofrecillo;2
acordado;2
derramado;2
intentan;2
estimo;2
sepamos;2
frescura;2
gentiles;2
vientre;2
colmo;2
generales;2
yeguas;2
moverse;2
pasare;2
galgo;2
dorado;2
musas;2
despedido;2
herir;2
camaradas;2
preciosas;2
apease;2
asombro;2
historiadores;2
descubrimos;2
beneficiado;2
trincheas;2
rotos;2
podremos;2
veen;2
aporreado;2
flaco;2
infunde;2
inclinarme;2
enalbardase;2
baldovinos;2
fiambre;2
procuras;2
respiro;2
dichosos;2
ganaderos;2
apostura;2
mudable;2
olfato;2
soltaron;2
actos;2
hablalle;2
metida;2
providencia;2
espolear;2
fragancia;2
caminante;2
esperado;2
ejecutar;2
ancha;2
guardaban;2
sabemos;2
pintar;2
acabarse;2
rodear;2
ducados;2
reducirse;2
silbo;2
rodeos;2
usos;2
guiase;2
orbe;2
coraje;2
abundancia;2
venciendo;2
meter;2
confiado;2
delicados;2
ingratitud;2
renovaron;2
muriendo;2
burlo;2
despoblados;2
deseaban;2
agraciado;2
carlo;2
deshaciendo;2
redundar;2
corren;2
rodando;2
linajes;2
llanos;2
pelean;2
desmaye;2
coge;2
ausentado;2
representaron;2
derribada;2
asiento;2
padece;2
embebecido;2
plega;2
ajorcas;2
honda;2
barruntos;2
levantada;2
protestaba;2
excepto;2
cabal;2
precisa;2
garganta;2
jorge;2
bronce;2
tuyos;2
encanto;2
cuarteles;2
izquierdo;2
puto;2
permitas;2
torres;2
concierta;2
pulgas;2
alegran;2
oye;2
gocen;2
satisfagas;2
nota;2
desiguales;2
asentaba;2
pieles;2
infiere;2
ausentarse;2
desvariadas;2
tardo;2
atienden;2
afrenta;2
hiciere;2
servida;2
andrea;2
atended;2
especial;2
hallaros;2
peligroso;2
carreta;2
santos;2
fiarme;2
navegar;2
tardare;2
porfiaba;2
quejara;2
permitido;2
ramos;2
tardase;2
soltura;2
inteligente;2
bandera;2
partiesen;2
osar;2
pasarse;2
pedradas;2
entren;2
carcajes;2
enoja;2
despiertos;2
ensalada;2
enoje;2
guardando;2
despechado;2
revuelta;2
remedialla;2
chico;2
esquiva;2
pasarle;2
fabricador;2
reparaba;2
injuria;2
cordura;2
encaminados;2
vestirse;2
huelen;2
sabidora;2
componer;2
perdiera;2
admiraron;2
atrevimientos;2
calamitosos;2
ganando;2
embestirse;2
dotado;2
suntuosos;2
mostraban;2
retirar;2
lamentables;2
pon;2
excusa;2
hagamos;2
muestran;2
continuo;2
alborotada;2
fatigalles;2
medias;2
proseguid;2
atinar;2
mudas;2
secreta;2
medida;2
hallaban;2
peto;2
reparar;2
asalto;2
deshonesta;2
rescatar;2
sacasen;2
merecedores;2
pesa;2
cercen;2
sagaz;2
esperan;2
juez;2
catorce;2
rodease;2
traiciones;2
quitaran;2
sabremos;2
inglaterra;2
desastrado;2
cuenten;2
lenguaje;2
funda;2
barras;2
soga;2
hijadas;2
desembarcar;2
imaginarse;2
aderezaron;2
dejas;2
sacarme;2
hoja;2
nombrando;2
dejemos;2
cantarillo;2
admiraban;2
encomiendan;2
espesas;2
imaginaron;2
balcones;2
irme;2
celebrada;2
pasases;2
cargaron;2
primo;2
tigre;2
estirarse;2
juego;2
discurre;2
puercos;2
procurado;2
confusas;2
encaminan;2
creas;2
gastador;2
ejercitada;2
similitud;2
letrados;2
sandio;2
beneficios;2
hablaban;2
recoger;2
aquestos;2
admirarse;2
esparciendo;2
arenas;2
descubrirle;2
valles;2
abrirse;2
evitar;2
ocio;2
leerla;2
descubrirme;2
calzas;2
fino;2
conocida;2
profetizado;2
afectos;2
menear;2
defraudando;2
sustentarse;2
otorgarse;2
modernos;2
sastre;2
profesamos;2
hermana;2
aderezasen;2
manteamiento;2
desaforadas;2
rompieron;2
comido;2
quedaremos;2
alabastro;2
andanza;2
esconderme;2
blasfemia;2
hallaran;2
respondiendo;2
coleto;2
ayudarles;2
coronista;2
arado;2
debido;2
nacer;2
astucias;2
corazones;2
actores;2
menguado;2
curarse;2
fielmente;2
enjuto;2
buscara;2
debemos;2
procure;2
pague;2
reposaba;2
menesterosa;2
buscase;2
borrica;2
encantadas;2
escuridad;2
vengara;2
viole;2
agudo;2
prevenciones;2
red;2
alcanzo;2
acertaron;2
encaja;2
falsas;2
eternamente;2
pedilde;2
comoquiera;2
acentos;2
espantada;2
potro;2
improvisamente;2
cabe;2
pisar;2
tempestad;2
conceder;2
alabar;2
pisan;2
trances;2
bajaban;2
bebida;2
demasiado;2
voluntades;2
forzada;2
volvemos;2
boda;2
pregunte;2
alas;2
andamos;2
rollizo;2
venturosos;2
responda;2
menuda;2
temerosas;2
condenado;2
burlado;2
denuestos;2
vistosos;2
discreciones;2
llame;2
escusado;2
apolo;2
llano;2
condenados;2
inventores;2
bellezas;2
entretenidos;2
rogado;2
rogaba;2
favorezca;2
cumplen;2
perezoso;2
ruy;2
anegaron;2
castigados;2
bocado;2
acierte;2
atreva;2
cortado;2
admiran;2
cortada;2
ardor;2
notado;2
micer;2
comenzando;2
antiguas;2
embarcar;2
guijarro;2
mostrase;2
cata;2
parasismo;2
nave;2
gentilhombre;2
llegan;2
cava;2
trocado;2
despedimos;2
particularidad;2
cogiendo;2
usada;2
suspirando;2
cumplimiento;2
mostraron;2
preguntado;2
embarcarse;2
naciste;2
falces;2
amenazaba;2
suplicaba;2
rindieron;2
verdugos;2
muera;2
modal;2
ordenado;2
rogase;2
parado;2
pajar;2
adelantase;2
secta;2
robador;2
mueve;2
cerco;2
distintamente;2
desampara;2
vehemente;2
fabricarla;2
santiago;2
encrucijadas;2
antoja;2
degollado;2
tratamos;2
antojo;2
selvas;2
rejas;2
arremetieron;2
angeo;2
posta;2
peores;2
paraje;2
responderle;2
resistir;2
hebras;2
mentar;2
trompeta;2
redondez;2
insignias;2
desviado;2
santas;2
quilates;2
arrancaba;2
cobardes;2
mansedumbre;2
arcos;2
extremos;2
preguntara;2
valerosas;2
sandeces;2
carecen;2
arremeter;2
enviarme;2
pagase;2
gozase;2
interromper;2
idea;2
maleante;2
representando;2
significativo;2
villana;2
pareciera;2
saco;2
arroyos;2
alfanje;2
enrique;2
dijeren;2
pospuesto;2
amos;2
vencedora;2
prestasen;2
cerrojo;2
guiar;2
echase;2
roca;2
sobrescrito;2
robo;2
revalidar;2
salteadores;2
privarse;2
grecia;2
valerse;2
encerraba;2
sotana;2
incitado;2
volvieras;2
camina;2
esquife;2
maletilla;2
artes;2
argumento;2
satisfacelle;1
cimientos;1
menores;1
lechos;1
guardo;1
halo;1
pico;1
penado;1
encubrirles;1
disimulando;1
consumadamente;1
prosiguieron;1
cantes;1
rompido;1
disfraz;1
canten;1
untado;1
ventillas;1
deservicios;1
concedo;1
estatuido;1
arrobamiento;1
encarnado;1
despartir;1
darinel;1
minaron;1
embestido;1
pecaba;1
acordarse;1
veniros;1
sustanciales;1
comunidad;1
corno;1
comprara;1
resolverse;1
s;1
atalaya;1
u;1
x;1
sabiendas;1
holgados;1
apearme;1
destroncada;1
bellas;1
acardenalado;1
enderece;1
aficionado;1
atravesarla;1
arrojado;1
horrenda;1
condecender;1
castiza;1
rinconete;1
simpleza;1
aficionada;1
departiera;1
sana;1
rehusaba;1
horrendo;1
cuitado;1
concerniente;1
regala;1
soldadesca;1
naranjos;1
seglar;1
aporreantes;1
ensille;1
atajar;1
pegarles;1
echaremos;1
atajan;1
deseamos;1
parezcas;1
lleves;1
esforzados;1
comunico;1
imposibilitada;1
grabando;1
apearon;1
manjar;1
admirables;1
escudilla;1
limpiarse;1
variada;1
pides;1
hechicero;1
afuera;1
robando;1
encubrirse;1
dedios;1
ton;1
acrecentase;1
visitando;1
carecieron;1
ando;1
frutas;1
variado;1
gurapas;1
aventajaba;1
besamos;1
peritos;1
zuzaban;1
febos;1
guiadas;1
buscaros;1
desviarnos;1
virginidad;1
inexpugnable;1
buscaron;1
carneros;1
determinadas;1
rosa;1
allegados;1
traigan;1
fundadas;1
coz;1
tonta;1
adversos;1
granjea;1
cumplidos;1
portezuelo;1
llevadle;1
propone;1
enjutos;1
desparcir;1
embusteros;1
aviene;1
rehuya;1
proas;1
lauro;1
extremadas;1
debidas;1
tocados;1
orilla;1
convertida;1
miraguarda;1
alterada;1
venirse;1
lijera;1
diputo;1
oscura;1
agazapasen;1
observancia;1
coyundas;1
cuidados;1
juraba;1
faltaron;1
teresa;1
blandos;1
lastimosa;1
blacura;1
lloraban;1
compasivo;1
acordaran;1
sirvo;1
sientes;1
adornan;1
libertados;1
macizo;1
adornar;1
gozo;1
sabeis;1
entendidas;1
escurezcan;1
estable;1
reloj;1
desviaba;1
tuvieses;1
persiguen;1
diferentemente;1
traido;1
robustas;1
fundado;1
penase;1
faltarme;1
enderezador;1
exentos;1
sienten;1
llevadas;1
escritorios;1
reportes;1
pagadle;1
librarle;1
subirme;1
dispuesta;1
deseas;1
desfecho;1
azoguejo;1
prestar;1
noticias;1
orador;1
prevenirse;1
compasiva;1
parienta;1
librarme;1
trasudar;1
formaban;1
sospiros;1
pidiesen;1
entregan;1
pergaminos;1
guardarnos;1
colocado;1
publicador;1
pronuncio;1
fecha;1
pasajero;1
escribiendo;1
picos;1
faltarle;1
cortadoras;1
alborocen;1
pagados;1
limpiarme;1
echadle;1
merendaron;1
casada;1
traiga;1
acertadas;1
veedor;1
botica;1
persuadieron;1
lloros;1
anos;1
libraros;1
profundamente;1
agasajo;1
frutos;1
crecido;1
seiscientos;1
descoser;1
comenzada;1
gaudeamus;1
finezas;1
montaraces;1
corvo;1
dispensaciones;1
vinieren;1
entremeterme;1
validos;1
entiendan;1
necesitada;1
henares;1
cumplidas;1
quemados;1
malandantes;1
dioses;1
tenidos;1
estabas;1
tejo;1
volvimosle;1
pongas;1
sigues;1
tratados;1
palacios;1
comedida;1
espanten;1
hacerles;1
meterse;1
anduve;1
campana;1
furor;1
comedido;1
manto;1
fallar;1
impaciente;1
vegadas;1
tocadas;1
elogios;1
picando;1
dad;1
hechura;1
corra;1
enciende;1
compres;1
aderezando;1
comenzaremos;1
desmedrado;1
hobiese;1
entienden;1
comimos;1
forman;1
laudem;1
levantados;1
altercaciones;1
cruces;1
blandas;1
ventanilla;1
subirse;1
aljamiado;1
guarden;1
escogerme;1
espartafilardo;1
reventaban;1
herreruelo;1
acostumbradas;1
fueros;1
grata;1
preciaban;1
altri;1
desnudarme;1
ciando;1
derretirle;1
autorizar;1
venidero;1
dehesa;1
cansas;1
discretamente;1
graznar;1
cueste;1
mazmorras;1
manida;1
erizados;1
insula;1
acogen;1
entremeter;1
admirablemente;1
sacerdote;1
entredicho;1
caminan;1
abades;1
hacedme;1
reducille;1
llorarla;1
verjas;1
pregona;1
arcabuz;1
conozca;1
sustentaba;1
aparto;1
contrastando;1
desposorio;1
adorar;1
seguras;1
escuderil;1
desviaron;1
colodra;1
indisoluble;1
traelle;1
cuerdas;1
injustos;1
entendidos;1
canses;1
conceptos;1
burladas;1
grano;1
tretas;1
litado;1
consolarla;1
escaramuza;1
loca;1
alborozo;1
manca;1
descompostura;1
cometida;1
contradecir;1
cerraba;1
colodrillo;1
mediaron;1
contente;1
banco;1
tornase;1
enemigas;1
loba;1
dulces;1
convenirle;1
contumaz;1
acertados;1
yugo;1
portugal;1
bando;1
tuerta;1
quimera;1
nula;1
acaballe;1
pintarnos;1
capitales;1
atienda;1
lunes;1
otorga;1
cuasi;1
averiguarse;1
aliviado;1
entretiene;1
mande;1
lodo;1
conducirla;1
acordar;1
ardua;1
jinetes;1
necia;1
arduo;1
encajallo;1
ordenadas;1
empleados;1
garbeare;1
estribando;1
averiguarlo;1
bonete;1
cupe;1
exceptuando;1
uun;1
cruzadas;1
alzase;1
consentimos;1
arrojarlos;1
incomparables;1
debieras;1
cochero;1
anima;1
extranjeros;1
resistido;1
sembraba;1
entretenelle;1
mamo;1
balidos;1
persuadiese;1
olvides;1
pergamino;1
gustoso;1
tuvieran;1
facineroso;1
gustosa;1
aceite;1
hielos;1
adversas;1
maguer;1
derrumbadero;1
favorece;1
instigados;1
encubrirle;1
contaron;1
cubiertas;1
encubrirlo;1
lavarse;1
amorosamente;1
comprada;1
sobresaltaron;1
probarla;1
trillando;1
quiebras;1
caribdis;1
lomo;1
contarse;1
afrentarse;1
probarme;1
instigado;1
rapas;1
gordos;1
rebellas;1
lucrecia;1
mana;1
sobrepuja;1
estupenda;1
acortar;1
manifiestas;1
escojo;1
cristiandad;1
olvidas;1
olvidar;1
escoja;1
afortunado;1
loor;1
loos;1
sostener;1
triunfos;1
labre;1
arrepentida;1
guitarra;1
olores;1
tragedias;1
romanos;1
henchir;1
semblantes;1
teatros;1
traspuso;1
bate;1
concluida;1
considerada;1
afortunada;1
susurro;1
sirvas;1
rodeaban;1
mari;1
rapes;1
considerado;1
sirvan;1
jardines;1
escribe;1
batanee;1
val;1
vas;1
alzado;1
paguen;1
descubiertos;1
atraerle;1
buscaban;1
alzada;1
cachopines;1
albanega;1
acrecentaba;1
desviarse;1
manillas;1
pretendo;1
escureciesen;1
pidieran;1
escote;1
confesaremos;1
europa;1
contener;1
regodeo;1
pretende;1
sotilmente;1
botanas;1
manifiestos;1
trasladalla;1
denostar;1
moreno;1
hicieras;1
buscases;1
posibilitado;1
consintieron;1
muertos;1
eco;1
disgustado;1
resonar;1
trujere;1
avasallado;1
trujera;1
perseverar;1
tuvieren;1
provocados;1
prometa;1
oyas;1
pizmienta;1
imitalle;1
cetro;1
desfagan;1
ejecute;1
finis;1
coligiendo;1
ejecuta;1
trabajoso;1
ocupase;1
porfiarle;1
aconsejada;1
pasarlas;1
finge;1
imperfecta;1
guerrero;1
ocupare;1
jurara;1
subiste;1
abundoso;1
miglior;1
mazo;1
bogase;1
guarnecidos;1
necesarios;1
examinador;1
notar;1
cuervo;1
sobresalte;1
cernido;1
sobresalta;1
pepino;1
congoje;1
hubieses;1
obediencia;1
liberales;1
descaminadas;1
trataron;1
oyen;1
estrado;1
meneses;1
alojemos;1
inacabable;1
satisfaceis;1
entretuvo;1
sustentan;1
concluyo;1
compone;1
juzgad;1
saludarle;1
grandemente;1
saludarla;1
lastima;1
aprovechaba;1
juzgas;1
militais;1
pasito;1
estaciones;1
haceros;1
ceca;1
notad;1
estrago;1
sutileza;1
pisando;1
ajenos;1
deleitable;1
teste;1
suspensa;1
sobrepujaran;1
dones;1
bracmanes;1
plomo;1
regalar;1
cayado;1
menudeaban;1
lince;1
doradas;1
melecinas;1
implacable;1
liberalmente;1
puntada;1
remedie;1
amarillos;1
cabrito;1
tratarme;1
aventurado;1
mojones;1
santiguada;1
declaraos;1
significa;1
trasudores;1
hogaza;1
dignamente;1
respondile;1
resucitara;1
llorados;1
haldudos;1
ardimiento;1
pusisteis;1
hacendosa;1
contentara;1
barranco;1
hallada;1
resucitase;1
propiamente;1
huevos;1
hallade;1
contentare;1
declarado;1
forse;1
detenga;1
bravo;1
valga;1
requesens;1
contentaron;1
frisar;1
alerta;1
ponedme;1
baptizalla;1
alimenta;1
entrara;1
estorbarle;1
medrosos;1
trescientos;1
pradillo;1
llevara;1
oropel;1
esforzar;1
arrear;1
gatas;1
contentarme;1
moledor;1
solazarse;1
sentidas;1
echarse;1
valgo;1
apacibilidad;1
sustentarme;1
desabrocharle;1
mirarlos;1
regocijado;1
impertinencias;1
adornada;1
yema;1
cartones;1
descubridor;1
disimule;1
albergan;1
tropel;1
promontorio;1
concluya;1
pudieras;1
contentarle;1
desamparado;1
echarme;1
descabezado;1
contrecho;1
forma;1
escondimiento;1
aranceles;1
azota;1
darlas;1
polilla;1
sazonado;1
atendimos;1
brava;1
proponiendo;1
estad;1
municiones;1
flechas;1
lamentarse;1
calles;1
navegando;1
ocupaba;1
tocaban;1
representes;1
canonizar;1
aceitera;1
tiraron;1
examen;1
lanzando;1
llagas;1
contemplar;1
frenillados;1
calurosos;1
hanse;1
castrador;1
retraer;1
fajas;1
tinta;1
aforro;1
espesa;1
daraida;1
corporales;1
mujeriega;1
alababa;1
desagradecido;1
espeso;1
horror;1
abrazo;1
limitada;1
entienda;1
espera;1
renacer;1
aprovechase;1
espere;1
engrandecer;1
enrizados;1
profesiones;1
describe;1
grados;1
disfrazado;1
pescozada;1
disfrazada;1
reconciliado;1
templarle;1
sicut;1
propriedad;1
buitre;1
continuaba;1
recrear;1
tercio;1
congojarte;1
cuerda;1
colijo;1
emperatrices;1
aderece;1
insufribles;1
capitanes;1
monstruos;1
levante;1
legitimo;1
disuadiendo;1
contentarse;1
acometella;1
gustare;1
decienden;1
catilina;1
scilas;1
decillo;1
alcornoques;1
arreos;1
decide;1
merrezco;1
tortuoso;1
ejercitarse;1
hartos;1
forzadas;1
desgraciada;1
rogaste;1
lampazos;1
pasajeros;1
intitula;1
luengas;1
congojaban;1
atrevieres;1
resucitado;1
echaban;1
ceniza;1
elar;1
decilla;1
entono;1
defienda;1
culebras;1
junten;1
acelerando;1
tornaba;1
menospreciado;1
hallais;1
andarme;1
ahincadas;1
aparecido;1
raciones;1
diaz;1
olivera;1
vistes;1
acuitar;1
futuras;1
quebrantada;1
aventuraba;1
asiera;1
bigotes;1
golosina;1
limpiarlas;1
disignios;1
destruye;1
acetarlos;1
fez;1
navegamos;1
moviese;1
herboso;1
tratasen;1
bullente;1
roldan;1
saludaron;1
siniestra;1
estada;1
juntas;1
huyan;1
olvidase;1
gamo;1
feliciano;1
mendrugos;1
desgraciado;1
deltas;1
adquiere;1
guardalle;1
errado;1
desmantelar;1
errados;1
llevada;1
vivientes;1
huso;1
traerlos;1
sosegose;1
aa;1
ad;1
prometiendo;1
cayendo;1
igualaran;1
cojeaba;1
salsa;1
defenderte;1
ay;1
desconsoladas;1
arcaduz;1
admire;1
disimules;1
vivamente;1
sitios;1
hubieras;1
vocee;1
salto;1
celebrados;1
ca;1
descompuestas;1
meneando;1
dejaremos;1
familias;1
familiar;1
creyese;1
intactas;1
escapado;1
correspondas;1
carlos;1
contentasen;1
andantesca;1
rasa;1
corredor;1
corriente;1
discurriendo;1
basilisco;1
bodegonero;1
sazonadas;1
labrando;1
favores;1
raro;1
poderosas;1
ceguedad;1
resultaba;1
pintaba;1
sucinta;1
pedrisco;1
et;1
alojaban;1
amargo;1
favorecerse;1
machacan;1
aviesas;1
concebido;1
intervenga;1
dilatarme;1
diamantes;1
divide;1
gustaba;1
abrumado;1
seguimiento;1
huye;1
rata;1
horcajadas;1
inciertos;1
retratado;1
conservo;1
imito;1
ordenarse;1
firmela;1
raso;1
inmenso;1
hi;1
bellaconazo;1
ia;1
quebrantamientos;1
inusitadas;1
delgado;1
prosapia;1
mallorca;1
suegro;1
canasta;1
leyera;1
guedeja;1
fementida;1
contrato;1
leyere;1
esconde;1
solenizados;1
homecillo;1
enfriase;1
cortezas;1
saltaban;1
recorred;1
patentes;1
obsequias;1
socorriendo;1
hartar;1
chichones;1
simulacro;1
inmortal;1
eminente;1
estuvieran;1
poderla;1
pertrechos;1
acostumbro;1
afirma;1
correspondes;1
veniste;1
salva;1
engendrado;1
migas;1
rabel;1
atribuyeron;1
alabando;1
midiesen;1
ma;1
alanceara;1
privanza;1
raza;1
sospechosa;1
platir;1
aconsejar;1
erradas;1
desterrados;1
rayo;1
yunque;1
asidas;1
futuros;1
guardianes;1
tiendas;1
gusanillos;1
rodilla;1
nombra;1
favorecerme;1
aborrece;1
pisamos;1
hiciste;1
trotillo;1
milagrosa;1
milagroso;1
aventurados;1
osarse;1
coser;1
trazando;1
traerlas;1
nombro;1
importunos;1
peinarse;1
consorcio;1
atrevida;1
doblar;1
ginovesa;1
sufra;1
espesuras;1
dados;1
prestado;1
entallarse;1
noster;1
augusto;1
salar;1
salas;1
espantosa;1
apuntando;1
desdichadas;1
invenerable;1
donoso;1
colocar;1
inevitable;1
atendiendo;1
qu;1
delicadezas;1
feridas;1
poderosos;1
quererlo;1
iguale;1
prestada;1
renegados;1
feriar;1
preguntarles;1
poblado;1
apuesta;1
consolaba;1
conquista;1
estornudar;1
maldecir;1
felicemente;1
esparraguera;1
aprendido;1
estarle;1
levantarla;1
apropiado;1
sn;1
adora;1
sr;1
esotra;1
pierdo;1
esotro;1
trecientos;1
ingeniosa;1
repartiendo;1
encarecerlas;1
cuadre;1
doblado;1
cuadra;1
estudios;1
ue;1
artificioso;1
recluso;1
trabajando;1
gasto;1
amarillas;1
gaste;1
alcanzarlo;1
gan;1
infames;1
contravenido;1
hablados;1
participantes;1
gasta;1
crines;1
moliendo;1
quitabale;1
enarcar;1
brumadas;1
saltearon;1
echaran;1
rastrojos;1
burlaron;1
manchega;1
amainaron;1
atropellaron;1
botecillo;1
raros;1
mayordoma;1
olvidaron;1
debiste;1
heno;1
alargaba;1
viniesen;1
merezcan;1
intricado;1
esclavas;1
apacientan;1
ejecutoria;1
acostado;1
habremos;1
sepades;1
rompelle;1
aclaraba;1
escrebirse;1
obligar;1
asidos;1
quererse;1
algalia;1
consolado;1
lavar;1
intricadamente;1
pliegos;1
tengamos;1
peine;1
pudimos;1
ferviente;1
viejas;1
untarle;1
viandas;1
apoyar;1
desocupado;1
poerque;1
rodeados;1
barriga;1
ensuciar;1
perecido;1
veleta;1
bastecida;1
atraviesa;1
hubieren;1
tiraban;1
queitar;1
continuar;1
costo;1
cosario;1
aderezo;1
astillas;1
bizcocho;1
sirtes;1
astuto;1
dolientes;1
particulares;1
dijiste;1
trazador;1
aras;1
ilustrado;1
resuenan;1
amancebada;1
eficaces;1
basto;1
aventure;1
hete;1
encontraba;1
groseras;1
tremola;1
torpes;1
quietos;1
infalible;1
diciplinantes;1
adornarte;1
tablitas;1
ofreciendo;1
desatadlo;1
pregonando;1
supiesen;1
afanando;1
doblaron;1
escuchaban;1
rabiaba;1
durar;1
lastimeros;1
quiten;1
adornarse;1
duran;1
cancion;1
sobremanera;1
obedecerte;1
digamos;1
buey;1
levanten;1
merezco;1
deshonrada;1
arco;1
interrumpiese;1
merezca;1
ruines;1
descomunales;1
corchuelo;1
murmura;1
murmure;1
atravesando;1
sucedieren;1
conejo;1
guijarros;1
trabajase;1
tristemente;1
condenarlos;1
pueblos;1
sobajada;1
desayunarse;1
bajaba;1
siesta;1
vileza;1
desos;1
numeroso;1
imitare;1
morales;1
multitud;1
pedirme;1
ruibarbo;1
mente;1
saques;1
defraudadas;1
ordenar;1
requerida;1
contienen;1
admitido;1
embarazoso;1
dilatase;1
derrumba;1
morillos;1
pretina;1
desvariado;1
avenid;1
altillo;1
scripserunt;1
mandallas;1
suspender;1
desvariada;1
vivar;1
esperanta;1
conformaba;1
feligreses;1
escondiesen;1
afamado;1
sobrase;1
consideres;1
satisficiera;1
inremediables;1
contingencia;1
refocilarse;1
forzarle;1
escudar;1
deshecho;1
esparcir;1
sacrificio;1
rubicundo;1
encargaba;1
restituida;1
maravillan;1
medrar;1
maravillar;1
desemejable;1
concederle;1
vieras;1
gobernado;1
palomeque;1
fatigado;1
careciere;1
omnipotente;1
aquien;1
arrepentimiento;1
cuitas;1
vieran;1
dinos;1
maderos;1
seguidor;1
minando;1
arma;1
ampare;1
deslindar;1
dimosle;1
caseros;1
ciudadano;1
musa;1
miserias;1
allanando;1
despejalle;1
estacada;1
reforzar;1
arpa;1
maltratase;1
seguidme;1
queje;1
dehesas;1
extra;1
contrahacer;1
deber;1
camas;1
aciertan;1
entregando;1
amancebado;1
dejallos;1
osaste;1
maravilles;1
ruinas;1
careciera;1
comarca;1
cosechas;1
enristrando;1
continuamente;1
sabrosos;1
higos;1
quemara;1
tazas;1
rogamos;1
deidad;1
duros;1
acosa;1
agradecidos;1
defraudados;1
bebieron;1
llevallos;1
anochece;1
hambriento;1
escucharte;1
horizonte;1
recitantes;1
bajase;1
tomada;1
juegos;1
sortija;1
liviandad;1
proveer;1
olvida;1
desampararos;1
batir;1
sujetas;1
luminares;1
sujetar;1
rumpantes;1
aprobara;1
luminaria;1
espante;1
mendozas;1
lata;1
amaneciese;1
pegada;1
azpeitia;1
mulos;1
pensadas;1
finojos;1
vecindad;1
suelas;1
leche;1
alzamiento;1
partimos;1
perderse;1
descargado;1
trasladado;1
horadara;1
reconciliar;1
galicianas;1
descuidados;1
socorros;1
ofrecelle;1
merecedora;1
ahechando;1
trasladaba;1
formado;1
desconcierta;1
bruto;1
trampa;1
murasen;1
despertalle;1
apurada;1
torpe;1
enea;1
pedirla;1
estorbado;1
verisimilitud;1
meneo;1
visita;1
remotos;1
ocultas;1
acomodasen;1
reconcilian;1
rogaremos;1
abrasar;1
solenizalla;1
pesadumbres;1
asolase;1
zelador;1
lazo;1
alegra;1
tire;1
gilecuelco;1
enternecer;1
suplir;1
vernos;1
asomos;1
desastres;1
estorbaba;1
hia;1
tomare;1
fealdad;1
maleficio;1
marruecos;1
ordenanzas;1
socorren;1
desesperada;1
ignorantes;1
costezuela;1
ronca;1
rematado;1
manifieste;1
descalzos;1
ginosofistas;1
meliflua;1
dejarnos;1
jadeando;1
cipiones;1
sendas;1
palacio;1
escondieron;1
meca;1
desease;1
higas;1
osasen;1
indubitables;1
torne;1
perderla;1
hospital;1
torna;1
perderle;1
perecer;1
ociosos;1
percheles;1
sucedernos;1
escrupulosos;1
socorrelle;1
costas;1
apacara;1
armadas;1
encubren;1
sospechaba;1
oculta;1
sentada;1
oculte;1
barra;1
malamente;1
atrevan;1
ahechado;1
matorrales;1
citas;1
tasajos;1
abad;1
asco;1
enfado;1
hoc;1
acometieron;1
siend;1
recibieron;1
disparada;1
perdieron;1
lucientes;1
apercebida;1
preveniendo;1
alzaban;1
hoz;1
desenalbardar;1
griega;1
calla;1
negrura;1
marco;1
silbato;1
tortolilla;1
condes;1
bizma;1
aser;1
llevarlos;1
vapores;1
aterrada;1
dieren;1
descreer;1
santiguaron;1
acotaciones;1
acaben;1
molestia;1
transformado;1
tribus;1
acontecerle;1
mares;1
bagarinos;1
espejos;1
mego;1
algun;1
faceros;1
abrazarse;1
atestada;1
dominio;1
bofetadas;1
deleite;1
terible;1
migaja;1
costosas;1
olorosos;1
descabezar;1
ingeniero;1
zumban;1
quiebra;1
disignio;1
asir;1
deleita;1
codos;1
bestia;1
floresta;1
saavedra;1
sofistico;1
aconseje;1
oprobio;1
apeado;1
embozado;1
aconsejo;1
ociosas;1
mario;1
moviesen;1
inremediable;1
trocalle;1
recetada;1
sosegar;1
tienda;1
fuenos;1
emperante;1
mantellina;1
jacas;1
fiambrera;1
amanece;1
celebra;1
madrugar;1
guisados;1
edificios;1
celebro;1
atenuado;1
reveses;1
corredores;1
jumenta;1
intricable;1
banderas;1
gomia;1
tocarme;1
enviudado;1
almejas;1
cerrados;1
acedaba;1
brasero;1
mascar;1
vaqueros;1
bajezas;1
halles;1
obedezcan;1
detestables;1
sepultado;1
acudieren;1
enojados;1
concluyamos;1
bendiciones;1
coronadas;1
rompe;1
escarmentar;1
entretenga;1
belona;1
sentase;1
resfriaron;1
escurecerlos;1
beso;1
cuidadosa;1
pretendes;1
proveedor;1
entretengo;1
tropezara;1
besa;1
eceto;1
bebamos;1
determinarse;1
techo;1
enlutados;1
acercado;1
exagerar;1
profeta;1
enlazaba;1
llamaste;1
adalid;1
alzarse;1
abrigo;1
asalten;1
vencedores;1
precipitadamente;1
corriste;1
anegase;1
abre;1
mete;1
abra;1
olorosas;1
durado;1
proseguido;1
tregua;1
maravillo;1
cervices;1
menudear;1
diversos;1
atreviera;1
deban;1
invito;1
mandamientos;1
aciertes;1
valpuleaba;1
propongan;1
fatigaban;1
entregada;1
ruiz;1
homicidios;1
deparase;1
extenderse;1
condescender;1
acosados;1
detenernos;1
recelarme;1
sombras;1
encenderle;1
veneciano;1
aclare;1
lamente;1
fablar;1
saboyana;1
deparara;1
ida;1
alargar;1
zaleas;1
agudos;1
adorarte;1
desleal;1
suadente;1
ladrillazos;1
calza;1
barbecho;1
argollas;1
tropiezo;1
volteadas;1
soltarlos;1
duelen;1
pagarla;1
sintieron;1
paternidad;1
acometieran;1
entretengan;1
gobernadores;1
taraza;1
comunicando;1
maldiciente;1
orgullo;1
aniquilar;1
facerle;1
jaspe;1
sigamos;1
rinden;1
sangrientas;1
maltratado;1
disculpas;1
disculpar;1
socorra;1
padecen;1
padecer;1
rescataos;1
embuste;1
foces;1
pisacorto;1
escamosa;1
prioste;1
cuartillos;1
ponelle;1
enmudece;1
hereda;1
madrugador;1
deparado;1
entendimientos;1
erase;1
torciendo;1
cristalinas;1
arqueta;1
ubeda;1
vacile;1
bbaladro;1
graciosos;1
pagaros;1
devengar;1
condiciones;1
villancicos;1
pagaron;1
vicio;1
huida;1
calor;1
merecerlo;1
empinaba;1
nislo;1
raridad;1
arrendar;1
anteojos;1
vendiendo;1
condesa;1
afirmativamente;1
gallipavos;1
loable;1
lavando;1
nombran;1
desagrade;1
papen;1
arrimos;1
avivado;1
agosto;1
sahumerio;1
jubilaba;1
predicador;1
flecha;1
duraba;1
polo;1
salgas;1
escribano;1
popa;1
pronto;1
enderazano;1
pelaje;1
tomadas;1
buscalle;1
pronta;1
tocase;1
kirieleison;1
estrema;1
ducal;1
traidora;1
audiencias;1
conozcan;1
significaba;1
nieto;1
conozcas;1
celebrarla;1
borrascas;1
fingimiento;1
manual;1
afirmaba;1
lirio;1
perfecta;1
entretuviera;1
madrugada;1
mandad;1
carretero;1
retiro;1
velludo;1
mosquitos;1
llamabas;1
inventar;1
acercando;1
sernos;1
torcidas;1
creyeses;1
clori;1
alfiler;1
entrarse;1
sardinas;1
declararnos;1
comunicamos;1
revolviendo;1
preguntando;1
iremos;1
mantuve;1
navegado;1
torneo;1
pergenio;1
pasto;1
mostredes;1
primas;1
castigalle;1
pertrechando;1
incesante;1
ciudades;1
dividieron;1
fresco;1
viviese;1
forjar;1
desaguarse;1
entendiera;1
entomecen;1
medrosa;1
tartesios;1
referir;1
visorrey;1
arrepienta;1
viviera;1
delicada;1
empero;1
enterrarme;1
habilitado;1
porvenir;1
corriera;1
adivinaba;1
rabiosa;1
abrazara;1
amansar;1
montazgo;1
conocerlos;1
cuitadas;1
moverlos;1
fresno;1
comedidas;1
quebradas;1
celebrarse;1
abrazase;1
pararon;1
atroz;1
suspensas;1
acuerdes;1
tormenta;1
flamante;1
asoma;1
geste;1
alojando;1
pareceres;1
poyo;1
encubra;1
recibiera;1
callarlo;1
desterrarme;1
polvorosa;1
gastaba;1
compuestos;1
defectos;1
ofendedme;1
oyente;1
afeminado;1
malignidad;1
rotolando;1
islilla;1
duelos;1
pateado;1
asquerosas;1
zarzas;1
galatea;1
medianoche;1
ensillaron;1
sacramento;1
maniatar;1
vuelves;1
tantum;1
arrimo;1
abstengas;1
llenaron;1
violentamente;1
adherente;1
pertinaz;1
satisfaciendo;1
consolasen;1
durara;1
enterrarse;1
mantua;1
espuela;1
remolino;1
borraba;1
selva;1
martirizada;1
tenedlos;1
encajada;1
holandas;1
pasas;1
gustar;1
importunado;1
dejarlos;1
navarino;1
descansando;1
lastimados;1
adorna;1
dividiesen;1
niego;1
antojase;1
reliquia;1
bramaba;1
embistiera;1
gustando;1
niega;1
importunaba;1
arpadas;1
balanza;1
vierten;1
estados;1
enarbolando;1
banquetes;1
paliza;1
asestan;1
catadura;1
gargantas;1
trastornado;1
satisfacerles;1
rejo;1
templando;1
pasen;1
pasee;1
colgados;1
gastado;1
despaldado;1
frondosos;1
temido;1
alegraron;1
entraran;1
aspas;1
ofreciere;1
parapilla;1
distinguir;1
lavaba;1
habelle;1
hartarme;1
rocines;1
pararse;1
eternizar;1
habello;1
enfrenase;1
arrendada;1
gustes;1
acreditarse;1
carcomida;1
entremos;1
fuyan;1
llamarme;1
cuadrilla;1
resplandeciente;1
emplear;1
obediente;1
jerigonza;1
desfavorecer;1
gastara;1
entregalle;1
molida;1
despacharme;1
plazas;1
previniera;1
intricadas;1
cajita;1
reses;1
ropas;1
desatinar;1
celeridad;1
cifra;1
cerbino;1
propria;1
magnificencia;1
contaba;1
fechas;1
apoques;1
trasudando;1
mueres;1
disponga;1
jueves;1
gastase;1
venenosa;1
pintarse;1
transforma;1
tasajo;1
traerse;1
mantas;1
porrazos;1
llaneza;1
luce;1
embaulaban;1
disponed;1
depositaban;1
presentase;1
sirvieron;1
facilitado;1
jerezanos;1
llagado;1
sencillo;1
ensillada;1
guiarse;1
alternativos;1
fueres;1
ballesta;1
llagada;1
ducho;1
enterrasen;1
amancebar;1
liaba;1
bocina;1
socorriese;1
callase;1
ennoblecer;1
cascos;1
depositasen;1
tisbe;1
pertenecen;1
desastre;1
pensativa;1
replique;1
tocante;1
contingente;1
ensillaba;1
luces;1
inocencia;1
llevarlo;1
echen;1
enteras;1
adjunto;1
carloto;1
malhadada;1
maten;1
perdonan;1
compadres;1
generosidad;1
acomodarle;1
baldones;1
verlas;1
desnudase;1
merecimiento;1
sustancial;1
seguirle;1
instituida;1
comunicalle;1
bolsas;1
acomodarme;1
lazos;1
instituido;1
alhajas;1
cenando;1
traerte;1
causara;1
enriqueciendo;1
lloviese;1
sostuvo;1
sanguinolenta;1
selim;1
vaca;1
entretenimientos;1
seguirla;1
decantado;1
aula;1
hocicando;1
echan;1
criban;1
parta;1
secundara;1
vestiglos;1
sabidor;1
oscuridad;1
envidiara;1
creyeran;1
verles;1
oprime;1
decantada;1
amanecen;1
luna;1
confiesa;1
confiese;1
acreditasen;1
corridos;1
reposa;1
tirada;1
comiences;1
sacarlos;1
tiranos;1
autos;1
prometidas;1
tendiendo;1
escuchase;1
acribar;1
preguntamos;1
orina;1
persas;1
elegante;1
despuntas;1
resuelto;1
escuchara;1
rompidas;1
figuras;1
concertados;1
comparados;1
tormes;1
intricados;1
colchado;1
exenciones;1
inhumanidad;1
plato;1
precepto;1
auto;1
pestilentes;1
bailar;1
seamos;1
curiosos;1
allende;1
desface;1
canas;1
caritativa;1
cantadas;1
faltarte;1
caritativo;1
quebrada;1
repartieron;1
bolsa;1
regocijalle;1
desembarazar;1
corresponderos;1
canes;1
acetaros;1
tocan;1
acetaron;1
heredase;1
diosa;1
audiencia;1
luto;1
conjuro;1
jarales;1
acabare;1
sucintamente;1
informalle;1
extremada;1
acabara;1
peregrinas;1
quepa;1
licito;1
importunidades;1
invencibles;1
descubierta;1
negarme;1
castigando;1
sigas;1
testimonios;1
inhabilitado;1
turbara;1
rubias;1
sima;1
huyeron;1
vitorias;1
silo;1
loado;1
persia;1
reviente;1
aumentan;1
trajes;1
queme;1
ofende;1
vieja;1
desposorios;1
empujaba;1
ofendo;1
desatar;1
sila;1
parda;1
costura;1
trabajaba;1
mostrarnos;1
predicamento;1
alevosos;1
imposibilitar;1
molieron;1
vives;1
exceder;1
alborozados;1
exceden;1
cebolla;1
compatriotas;1
despertase;1
anduvieron;1
salves;1
correspondido;1
valiese;1
sacarlas;1
divertirme;1
alhombra;1
preeminencia;1
saludado;1
informado;1
trocando;1
oficina;1
entended;1
paran;1
redujeron;1
finalmente;1
venecia;1
informada;1
conflicto;1
divertirle;1
levadizo;1
llevaran;1
divertirla;1
reprehendidas;1
transparentes;1
divinamente;1
melindre;1
escuchada;1
moler;1
entreteneros;1
tenelle;1
vienes;1
sucede;1
descubrieras;1
respondiera;1
lazadas;1
asieron;1
servillas;1
bronces;1
vejez;1
restaurarse;1
impreso;1
impedido;1
playas;1
zapaticos;1
desistir;1
estiman;1
comenzados;1
satisfaga;1
suspendiendo;1
recamara;1
lirgandeo;1
corresponde;1
pulen;1
mejillas;1
acetaban;1
enteros;1
matan;1
comprehendo;1
estimados;1
criador;1
enajenado;1
fracasar;1
consentimiento;1
ajustara;1
cansa;1
extremarme;1
laguna;1
perpetuos;1
dudaban;1
resbalando;1
anduviese;1
ignoraste;1
cante;1
rayaba;1
toalla;1
caminase;1
ahorrado;1
ensalmo;1
almario;1
desfaciendo;1
triunfante;1
gabrio;1
mirasen;1
confesando;1
aseguran;1
partirme;1
contrapuestos;1
alcahuete;1
montalban;1
distinto;1
mugriento;1
tormentos;1
entregaron;1
favorecidos;1
sacan;1
palmada;1
amargamente;1
rescatarlos;1
pagalle;1
procurarles;1
quedarme;1
inserto;1
ofuscan;1
enterarme;1
rameras;1
caballerescas;1
quitamos;1
maltratar;1
conocerse;1
maltratan;1
conjurarme;1
desechado;1
derribo;1
traslaen;1
previene;1
ataron;1
reverenciar;1
contadnos;1
cuelga;1
confiesas;1
acaecido;1
celebran;1
esperaros;1
pasiones;1
celebrar;1
encomendabaq;1
soles;1
haldudo;1
echalle;1
bebed;1
hidalgos;1
conservan;1
impresos;1
bastimentos;1
varia;1
margarita;1
venenos;1
servilla;1
apostar;1
trozos;1
vomita;1
proprios;1
cargan;1
padezco;1
paseado;1
industrias;1
perseguir;1
arrogancias;1
plebeyos;1
tratalle;1
volador;1
forzando;1
preste;1
eternos;1
enclavijadas;1
tintero;1
haberte;1
flota;1
ligitima;1
intereses;1
aldeano;1
leyenda;1
hacella;1
dotos;1
mesas;1
pones;1
debilidad;1
quedemos;1
chapiteles;1
purgar;1
palmadicas;1
cendal;1
onza;1
apaleado;1
faldas;1
revueltas;1
resquicios;1
caleta;1
presos;1
ensabanados;1
ordene;1
silboso;1
solicite;1
entregarla;1
desfallezca;1
acaece;1
erat;1
sinsabores;1
notaste;1
madura;1
mismojuramento;1
ejercitan;1
quita;1
encarecimientos;1
maduro;1
cerraduras;1
perece;1
trono;1
cargada;1
eras;1
destierran;1
curaba;1
confesase;1
paseaba;1
fenestras;1
levantalla;1
vengas;1
quedaran;1
tormentas;1
tomaros;1
yelan;1
detenerles;1
romperme;1
contentas;1
leve;1
rucia;1
gorra;1
declarasen;1
entremetiera;1
deteneos;1
curado;1
enterarse;1
tropa;1
pesaroso;1
fingidas;1
requiriendo;1
prez;1
contentalle;1
gritando;1
aparato;1
afligido;1
alborotados;1
embobados;1
estirado;1
acuerda;1
tomarme;1
cazarle;1
sabor;1
desmayado;1
impida;1
respondiesen;1
descargo;1
suplicando;1
mejoran;1
codicioso;1
novecientos;1
azogue;1
emplastaron;1
satanases;1
empacho;1
rastrillando;1
zoca;1
ribetes;1
ensayarse;1
quis;1
contrapuestas;1
centinelas;1
deshonestidad;1
sospechar;1
escogiese;1
miraron;1
shaberes;1
delantero;1
estimaran;1
nietos;1
beldad;1
perfectos;1
estabale;1
cursado;1
apretarse;1
pusieran;1
dista;1
conocimos;1
desgajar;1
roncos;1
ochocientos;1
apellidos;1
desventurados;1
faunos;1
madruga;1
alcanzada;1
timonel;1
reventaba;1
manchegos;1
palo;1
quedarte;1
dolencia;1
cordal;1
regalados;1
muriese;1
conjuraran;1
enfadaros;1
enarcando;1
desasir;1
mide;1
judicial;1
tomemos;1
borrarle;1
cancionero;1
cicatrices;1
cojea;1
loa;1
solaz;1
priora;1
trabados;1
solar;1
comete;1
alcarria;1
desconcertados;1
juntaba;1
desusados;1
facilmente;1
leonado;1
procuraban;1
ibanse;1
miel;1
disminuirse;1
conmovido;1
defienden;1
juntado;1
revueltos;1
pallas;1
dilatar;1
preeminencias;1
papa;1
dilatas;1
contradecirlo;1
inquieta;1
desfacelle;1
llevalle;1
culpar;1
llevalla;1
montoncillo;1
abatanar;1
delincuente;1
culpas;1
ahorraran;1
estiren;1
reuma;1
embrazado;1
ayudaremos;1
dandome;1
lascivos;1
acrisole;1
referidas;1
trasladarlos;1
estudio;1
aposentos;1
cofres;1
desmayados;1
exceptuar;1
cantaron;1
encomiendo;1
profunda;1
pollinesca;1
contempla;1
gastes;1
esconder;1
siguientes;1
injurias;1
imitador;1
cesado;1
perdonalle;1
recrearse;1
dentellear;1
enviallo;1
pluvias;1
vidrio;1
baeza;1
reverenda;1
holgando;1
entregaste;1
dudes;1
ropilla;1
referidos;1
aquesos;1
negado;1
tendillas;1
secretamente;1
escarnecido;1
tristezas;1
valiesen;1
notorias;1
ayudara;1
ufanarte;1
vomitase;1
acabo;1
hijas;1
perailes;1
inventado;1
acogerse;1
ticio;1
abriese;1
vedija;1
aguardes;1
desesperadas;1
dudamos;1
ofrezcan;1
dudar;1
compatriota;1
tapiasen;1
gayos;1
pensaron;1
encerraron;1
hiedra;1
cotejando;1
estotra;1
irnos;1
ayudador;1
tierna;1
vehemencia;1
acudimos;1
desenfadadamente;1
arrojas;1
descolorido;1
villenovas;1
arrojan;1
usadas;1
correspondencia;1
calenturas;1
incentivos;1
penetrado;1
cantaban;1
perded;1
deslindase;1
disparalla;1
sintiendo;1
campanario;1
quedasen;1
doble;1
esparcieron;1
pomposas;1
doblo;1
encarecella;1
inauditos;1
mandarme;1
divinidad;1
libra;1
efectos;1
embestimos;1
febo;1
generosos;1
sanidad;1
varios;1
criaban;1
festejalle;1
virtuoso;1
pensarlo;1
requebrando;1
fees;1
pensaren;1
ventanillas;1
merce;1
momentos;1
imaginaciones;1
acorriesen;1
lista;1
forcejeaba;1
escogiendo;1
reproches;1
patada;1
lagares;1
sustenta;1
flacas;1
recibiendo;1
despotrique;1
contraste;1
aquesta;1
aventajaban;1
negras;1
aprieto;1
comiera;1
encuentros;1
eser;1
desestimar;1
atrancar;1
milos;1
velando;1
absorto;1
beltenebros;1
lanzada;1
ayunos;1
fundir;1
rastrear;1
mandase;1
romperse;1
redondo;1
espaciosidad;1
turbando;1
preguntes;1
codiciosos;1
opuso;1
melificada;1
vigor;1
anchura;1
volved;1
patas;1
plasmador;1
episodios;1
alojan;1
continencia;1
desaparecer;1
tenerle;1
deputado;1
desentonada;1
elocuencia;1
coima;1
aniquile;1
terciando;1
golondrina;1
suavidad;1
pusieses;1
atribuyas;1
atribuyan;1
calvatrueno;1
acontece;1
matase;1
humanidad;1
tortas;1
gozosos;1
blandeando;1
deshiciese;1
amanezca;1
defraudaros;1
entendimos;1
pobrezas;1
montante;1
pater;1
perdoneis;1
dispongas;1
araucana;1
brilladoro;1
intrincadas;1
acontecimiento;1
heroicas;1
retar;1
premian;1
publicando;1
registro;1
preguntante;1
ternura;1
efetuar;1
senal;1
tropezando;1
estremado;1
procuremos;1
cortar;1
escapan;1
cuartel;1
escapar;1
movida;1
quejes;1
remanece;1
desmentille;1
insufrible;1
colonas;1
acabadme;1
sacallos;1
poseerlo;1
aventajarme;1
tomases;1
traspuesto;1
detengamos;1
apartaron;1
harriero;1
deudas;1
alongados;1
lisas;1
decirlos;1
encorporados;1
distancia;1
velle;1
vella;1
matara;1
alimentado;1
descomedidos;1
tomaban;1
aderezarles;1
aventajaron;1
sarra;1
guste;1
ejecutaba;1
esgrimir;1
oliva;1
cortes;1
atronaba;1
entenderlo;1
embajador;1
informando;1
retencio;1
respondieron;1
monedas;1
regaladamente;1
tenerse;1
preguntas;1
mudaba;1
picada;1
querella;1
mesones;1
yerres;1
traspasado;1
firmaron;1
desembolsase;1
espaciarse;1
quieta;1
recia;1
alegrase;1
conocieran;1
reiterar;1
tacharle;1
desalmada;1
mahoma;1
suertes;1
favorecernos;1
arrojo;1
cavaba;1
apartarle;1
temple;1
valieron;1
morderse;1
caracteres;1
crujir;1
sobredicho;1
despavorido;1
mumidas;1
olorosa;1
liviano;1
crueldades;1
faldamentas;1
encajados;1
rosadas;1
rueca;1
desheredada;1
colada;1
embarcarlos;1
arrendamiento;1
imitarle;1
cogiese;1
tendimos;1
escriben;1
secundar;1
azufre;1
docena;1
vengaros;1
aguarda;1
borla;1
obligaban;1
judas;1
arrojasen;1
arcabuces;1
estimado;1
reverencia;1
paganos;1
escriban;1
bordo;1
pinto;1
descuida;1
cautiverio;1
acogida;1
reciben;1
airada;1
honestas;1
pinta;1
preguntarle;1
rigurosamente;1
airado;1
mudarse;1
comunicase;1
ayudarme;1
truhanes;1
obligasen;1
rehacerse;1
muslo;1
recogerse;1
atadura;1
serenar;1
ausentase;1
ignorada;1
abrid;1
crucifijo;1
afligirte;1
dejadme;1
perturben;1
encantandores;1
damos;1
repara;1
anulo;1
pesia;1
enlazados;1
dorada;1
alborotasen;1
torcida;1
etas;1
pagan;1
agraviada;1
aventurando;1
depositando;1
despliegue;1
atraillado;1
parando;1
enterrada;1
manjares;1
buscallos;1
malandanzas;1
derramarme;1
anden;1
andes;1
carece;1
mostradme;1
honre;1
leedle;1
aspado;1
ayudaros;1
agorero;1
cargados;1
tomo;1
indigestiones;1
ayudaron;1
benditos;1
gustaron;1
artificiosos;1
satisfacerle;1
originales;1
vagabundos;1
femado;1
perdona;1
alegraba;1
perdone;1
puras;1
perdono;1
satisfacerme;1
convidado;1
escuadrones;1
dechado;1
saetas;1
mitades;1
apartadas;1
almorzaron;1
deshonestos;1
envidar;1
albraca;1
argamasilla;1
vistiese;1
monsiur;1
toro;1
opuesto;1
pasaje;1
acude;1
abrasada;1
cervantes;1
atraen;1
acuda;1
colorastes;1
mandato;1
medir;1
abran;1
pesos;1
bultos;1
dormirla;1
frisaba;1
encomendados;1
poquito;1
malparados;1
pluguiera;1
moverme;1
fortifica;1
endeble;1
echo;1
empalaba;1
gallo;1
ejecutarme;1
nin;1
volvimos;1
regalada;1
arrojarse;1
alivia;1
agible;1
retiraron;1
trovadores;1
regalaba;1
garzones;1
vientos;1
derramada;1
nigromancia;1
emprendella;1
recreaba;1
holanda;1
alzaste;1
soslayo;1
animalejo;1
reducirle;1
departa;1
grabado;1
cenado;1
entrarnos;1
agramante;1
impaciencia;1
estorbo;1
tagarinos;1
persuasiones;1
mueven;1
reducirme;1
platica;1
comunicado;1
absoluta;1
merecer;1
grabada;1
mesarse;1
causarme;1
ordinaria;1
avisada;1
ahondar;1
amarillo;1
privados;1
adobarlo;1
sencillez;1
ignorando;1
tartamuda;1
procedido;1
suenen;1
recuestando;1
perjudicial;1
avisado;1
silvanos;1
pensara;1
anchas;1
temblar;1
ejecutallos;1
cuartana;1
enmiende;1
tratamientos;1
incendio;1
maravillosos;1
deliberado;1
regalado;1
cualificada;1
remediaran;1
moverte;1
deliberada;1
volar;1
florismarte;1
heria;1
aplacar;1
parejas;1
relinchar;1
precipitaba;1
temblor;1
recogido;1
zalemas;1
gemidos;1
contorno;1
ecos;1
recites;1
catay;1
patente;1
corteza;1
cogieron;1
ponemos;1
determinar;1
bastare;1
acordara;1
aspirar;1
posadas;1
anochecen;1
infelice;1
martino;1
avisase;1
hinque;1
estienden;1
acuitedes;1
gustares;1
malhechores;1
aporreaba;1
abusos;1
dulcineae;1
ristre;1
aguardo;1
rasgado;1
requiriese;1
humildes;1
recebidos;1
trechos;1
acordase;1
tratado;1
animoso;1
silos;1
solene;1
fuerzan;1
concluyente;1
recatando;1
sintiese;1
esperados;1
destierro;1
confirmado;1
encubierta;1
apartados;1
inteligibles;1
confirmada;1
recebidme;1
volverle;1
sirviendo;1
vaguidos;1
vuelos;1
posesivo;1
derramaba;1
volverla;1
carolea;1
culpo;1
soltara;1
avisadas;1
permiten;1
presumir;1
armenia;1
hoguera;1
potencia;1
piezas;1
contrastado;1
disparar;1
calidades;1
modestia;1
paseando;1
desasosegar;1
velo;1
norabuena;1
hados;1
anterior;1
lastimera;1
trofeo;1
peras;1
napeas;1
magos;1
gotas;1
lastimero;1
honrarme;1
otomana;1
consejas;1
favoreciese;1
dogmatizador;1
novedades;1
maestre;1
parroquia;1
arengas;1
cumplille;1
moralmente;1
insignia;1
fontecilla;1
vellori;1
aprisa;1
acometedor;1
trabadas;1
permitir;1
dimosles;1
asiendo;1
vense;1
sueltas;1
acredite;1
nariz;1
zonzorino;1
llorosos;1
pensada;1
mediano;1
vargas;1
leido;1
conjeturamos;1
ancho;1
ministerio;1
cenar;1
mostruos;1
galanos;1
pereza;1
betis;1
ollas;1
volverte;1
enojada;1
contextura;1
absuelve;1
casamientos;1
departido;1
plegar;1
desataros;1
levantase;1
caros;1
alzados;1
escamosas;1
rascar;1
atravesaba;1
librase;1
melindrosos;1
hallasen;1
precias;1
representaban;1
origen;1
librara;1
terribles;1
juzgarlo;1
robusto;1
embaulando;1
humilladas;1
armarse;1
contender;1
devorador;1
encendidas;1
honrarle;1
usaban;1
volcar;1
decoraban;1
negocios;1
sinabafas;1
espesura;1
amenazan;1
sobrenombres;1
fatigarnos;1
dardos;1
apellidado;1
afable;1
venzo;1
sangrarse;1
juntase;1
tratase;1
pisado;1
dolorosos;1
columbro;1
confiada;1
atravesado;1
descuidarse;1
codo;1
regida;1
pudiere;1
arremetiendo;1
ahorcaba;1
sanaremos;1
peana;1
cruzar;1
determino;1
desesperarse;1
enojar;1
soltarse;1
murmurador;1
agraciada;1
agradecidas;1
tobosina;1
provechosas;1
redundan;1
aporrear;1
azar;1
ocupaciones;1
gruesa;1
corred;1
grisostomo;1
descontento;1
correo;1
purgatorio;1
tuviste;1
venteril;1
descontente;1
castigaros;1
descontenta;1
alegren;1
dornajo;1
desatada;1
precedido;1
leventes;1
diestra;1
vituperio;1
ningunos;1
alegado;1
descoger;1
austria;1
trocaron;1
angustia;1
estropeado;1
pelear;1
mameluco;1
secretario;1
prazga;1
pisadas;1
disimulada;1
convidaron;1
maravillosamente;1
mutatio;1
cumple;1
cuidad;1
consumido;1
concordia;1
castigarme;1
retorno;1
ausentasen;1
medrosica;1
coronarte;1
trova;1
innumerable;1
galaores;1
guzmanes;1
mudaban;1
dale;1
distributiva;1
todopoderoso;1
cerrasen;1
peones;1
sembrar;1
tardar;1
livianas;1
pintor;1
sembrad;1
asienta;1
representarme;1
condenaron;1
evidencia;1
capataces;1
tuyas;1
cerraban;1
disparando;1
dicta;1
coplas;1
rigurosas;1
tuvise;1
ginoveses;1
forzudo;1
desataba;1
cetros;1
venda;1
encarecimiento;1
mezquino;1
profanaba;1
sueltos;1
sacos;1
quietarse;1
garras;1
atropellar;1
trueque;1
desenvainada;1
pavor;1
proveernos;1
administrar;1
epitafios;1
dijole;1
llamados;1
guiaba;1
desesperaban;1
benditas;1
frasis;1
coma;1
auditorio;1
semblante;1
medianeros;1
carrillos;1
estuche;1
encogido;1
importunarles;1
eternizarlos;1
ibase;1
columna;1
representado;1
despenar;1
ponte;1
sensible;1
enfadosa;1
preciso;1
arcabuzazos;1
evidentes;1
descubren;1
atrozmente;1
llamadme;1
busco;1
roble;1
contrarios;1
cose;1
albarde;1
corran;1
convidase;1
corras;1
aderezados;1
juzgaran;1
rematadamente;1
enturbiar;1
llorara;1
milite;1
alegrar;1
encastilladas;1
note;1
maquinase;1
pantuflos;1
lino;1
rosada;1
agradar;1
quereis;1
ayudasen;1
suspendieron;1
lima;1
atenido;1
soltasen;1
representaba;1
disgustos;1
considero;1
datilados;1
astardo;1
aina;1
considere;1
rajas;1
concediese;1
nazcan;1
encarecer;1
refriega;1
demandase;1
sesto;1
atribuirme;1
remoto;1
quedando;1
concediera;1
maestros;1
inquirir;1
desollaros;1
solicitada;1
suspenderse;1
solicitado;1
atribuirle;1
grumete;1
prendiesen;1
hallarla;1
asiste;1
desviados;1
complacerte;1
rugel;1
arrimada;1
desencajarle;1
dudosos;1
tarda;1
profesar;1
afabilidad;1
orza;1
facer;1
fruta;1
faltara;1
herirles;1
heridos;1
curarle;1
herraduras;1
extienden;1
mudos;1
faltare;1
homero;1
canciones;1
despoblado;1
pobretes;1
prometimos;1
posado;1
liso;1
hermandades;1
respondas;1
avergonzados;1
melindres;1
totalmente;1
templadas;1
lisa;1
posada;1
compuse;1
gozado;1
rugir;1
responden;1
tardara;1
extraordinaria;1
colorada;1
cornado;1
compusieran;1
palafoxes;1
pintores;1
colorado;1
huyere;1
profesen;1
reprendida;1
viciosa;1
pastoral;1
penitencias;1
brandabarbaran;1
carguemos;1
erizaron;1
usurpado;1
entendieron;1
abadesa;1
derribaron;1
aborrascadas;1
mereciese;1
quebranto;1
trasudaba;1
osas;1
canales;1
pez;1
pisuerga;1
sabores;1
extiendan;1
frailecicos;1
cauto;1
agasajamos;1
vayamos;1
donosas;1
exageraba;1
mudamiento;1
intentado;1
pareces;1
solicitaste;1
rezar;1
hallaren;1
motes;1
remiente;1
movidas;1
revuelto;1
comisado;1
aguardasen;1
amainar;1
rijoso;1
lazarillo;1
enrejada;1
representa;1
miedos;1
nosotras;1
adorada;1
profesor;1
socapa;1
dividirse;1
quemarlos;1
desatinada;1
pasaros;1
valores;1
huelan;1
sudada;1
rodeada;1
desatinado;1
encaminase;1
vanidad;1
agradezca;1
refranes;1
sonarse;1
palomino;1
garrotazo;1
rodeado;1
acomeitera;1
quebrantamiento;1
marcharse;1
perdida;1
tradujo;1
pastos;1
revuelve;1
endemoniados;1
encaminara;1
sacaste;1
italias;1
topamos;1
aplacaron;1
zancas;1
pudriesen;1
avisarme;1
aprobio;1
razonar;1
abadejo;1
ligas;1
admiraros;1
desearon;1
avisarle;1
noventa;1
rematan;1
absolutamente;1
huelgo;1
nobles;1
juzgaba;1
sabidores;1
pos;1
enamoradas;1
huelga;1
voluntario;1
publique;1
andantescas;1
visaje;1
colgar;1
mesura;1
peladilla;1
necios;1
dijoles;1
allombre;1
azotaba;1
entibie;1
negociante;1
encantan;1
mereciesen;1
asegurarse;1
recatado;1
incita;1
resultare;1
clerical;1
yacer;1
ramas;1
eterna;1
determinada;1
zaheriendo;1
remates;1
juicios;1
alborotado;1
emprender;1
dolerme;1
telilla;1
grebas;1
vestirle;1
comienzan;1
rogativas;1
ceremonial;1
mejilla;1
sobrino;1
desenvueltamente;1
alternativamente;1
medido;1
asendereado;1
fuiste;1
adelanta;1
piadosas;1
mudan;1
responderles;1
huella;1
escalones;1
pendientes;1
acometiese;1
quejaba;1
absurdos;1
asalta;1
turerta;1
olicante;1
ossa;1
ferocidad;1
replicalle;1
ahogado;1
otero;1
personajes;1
avisarte;1
incurable;1
tiemblo;1
iras;1
apocado;1
admitir;1
encendidos;1
pese;1
amenudo;1
cercan;1
edades;1
corcovos;1
pasasen;1
caletre;1
niegue;1
cintura;1
desnuda;1
acontecen;1
miren;1
facilita;1
temen;1
impuse;1
procurara;1
adorase;1
brocabruno;1
descomulgado;1
encubrirsela;1
alborotaba;1
reparas;1
impura;1
corrillo;1
querencia;1
aderezarla;1
ejercer;1
despojar;1
rodeando;1
invisibles;1
elocuente;1
chozas;1
pelearon;1
frazada;1
cristales;1
eclipse;1
olivante;1
trocasen;1
arenoso;1
sutiles;1
eclipsado;1
reservado;1
cuentes;1
teman;1
temas;1
ganas;1
facil;1
labradores;1
igualdad;1
extendidas;1
desdijese;1
muestres;1
comediantes;1
desbaratar;1
agudezas;1
causadora;1
rodearemos;1
olvidada;1
ralla;1
sacarla;1
maldigo;1
fortalecer;1
desobligaban;1
viles;1
apuntado;1
relumbraba;1
barriles;1
tajo;1
obrado;1
amigas;1
comen;1
urganda;1
ahorcar;1
promovido;1
perjudiciales;1
apareja;1
dejad;1
encomendaba;1
osase;1
asirse;1
gritaba;1
costarme;1
cargarse;1
holgadamente;1
cavando;1
varones;1
celillos;1
partidos;1
mezclarla;1
mezclarle;1
cogidos;1
limitados;1
procures;1
celebrado;1
envidiar;1
piadosos;1
consolando;1
jure;1
creerlo;1
anejo;1
maridos;1
matizar;1
dejarla;1
facilitando;1
desorejaba;1
armalle;1
tratos;1
llamas;1
abrirle;1
trajo;1
ablande;1
estrechar;1
comas;1
avisasen;1
holgaron;1
hacednos;1
bajas;1
maliciosos;1
ocuparle;1
causaban;1
matarme;1
celebraba;1
materias;1
herejes;1
toledo;1
lagrimas;1
arenga;1
suplicote;1
encontrarse;1
leimos;1
olvidadas;1
dejaros;1
quitarlo;1
mosca;1
morillo;1
arropasen;1
acontecieron;1
gastados;1
lindas;1
revolver;1
defraudada;1
ejercitado;1
prevenirlas;1
mataron;1
embarazos;1
menudeando;1
singulares;1
llamda;1
redundaba;1
credo;1
azules;1
universidad;1
maldice;1
cumpliselos;1
tostado;1
blandiendo;1
fijo;1
irte;1
curaban;1
trayo;1
escolar;1
alcances;1
hurtada;1
centinela;1
portazgo;1
acebo;1
caton;1
imaginaren;1
recogen;1
cerradura;1
montuosos;1
culpado;1
desvanecido;1
regocijadamente;1
guilla;1
aseguro;1
costaron;1
molinero;1
asegura;1
filo;1
habernos;1
piloto;1
fili;1
aborrecida;1
pondremos;1
sacaron;1
culpada;1
matarse;1
marchito;1
miramos;1
fortalecen;1
olvidaba;1
sufrida;1
sentida;1
saeta;1
tenerles;1
descalza;1
montaban;1
cansaba;1
trabajan;1
persuadirle;1
trabajar;1
escarlata;1
cartujos;1
persuadirme;1
reprocharme;1
desuellacaras;1
rodar;1
puntual;1
yermos;1
hallaremos;1
encubriera;1
belianis;1
vigilancia;1
ofendellos;1
procuramos;1
quebrantos;1
afecto;1
horquilla;1
cercado;1
preciaba;1
quitasen;1
aderezaban;1
seguidamente;1
cercada;1
rieron;1
podeis;1
consiga;1
decendencia;1
evidentemente;1
repite;1
cegase;1
descubrirte;1
admirable;1
heciste;1
arroparon;1
maldito;1
simiente;1
esquivas;1
supla;1
ciertas;1
rodeo;1
derriban;1
conquistar;1
causan;1
deshace;1
informarse;1
desvariados;1
vereis;1
inmensidad;1
refugio;1
aborrezco;1
resentirse;1
besarle;1
malherido;1
traes;1
reniega;1
jurando;1
telas;1
percibieron;1
traducirlos;1
abundante;1
disfigurado;1
respetar;1
ahitarse;1
despojarse;1
anexo;1
llore;1
clemencia;1
probare;1
hayades;1
prisiones;1
confusos;1
encargaban;1
holgara;1
pleito;1
trago;1
paloma;1
varilla;1
finges;1
holgase;1
mesurado;1
fingen;1
preguntarnos;1
garrancho;1
holgarse;1
llora;1
sobresaltase;1
alvaro;1
nacen;1
aguilar;1
parecioles;1
cristianamente;1
acero;1
bascas;1
presentados;1
malandrines;1
depara;1
errando;1
roncesvalle;1
ambos;1
menguada;1
ocuparse;1
admirasen;1
tersan;1
aprueba;1
honestamente;1
dejen;1
cansada;1
procuro;1
tenerlos;1
trujesen;1
porfiando;1
escribiera;1
partidas;1
morada;1
sacaran;1
esfuerza;1
pecar;1
consistan;1
preguntasen;1
resucitando;1
obedecido;1
menesteroso;1
sentiste;1
desaforada;1
vacilando;1
cuadrada;1
maldades;1
rimero;1
viola;1
acudido;1
aforrado;1
ninfa;1
vetas;1
alselmo;1
castellana;1
peleaba;1
aguardaba;1
turbes;1
desarmando;1
despertadores;1
remediando;1
aguda;1
abencerraje;1
ofrecerle;1
descuidada;1
mudando;1
lautrec;1
distes;1
sutil;1
dijeras;1
lamentos;1
membraros;1
concertada;1
volvernos;1
consuele;1
bienllegada;1
inventa;1
maravillaba;1
cuajada;1
cabalgaba;1
afeado;1
menesteres;1
renacuajos;1
venganzas;1
adivinar;1
dijeran;1
benengeli;1
ruina;1
turban;1
apetecerlo;1
notase;1
deshonrar;1
dudaba;1
deshonras;1
llueve;1
ficiesen;1
significarme;1
empapado;1
afeaba;1
encaje;1
desconocida;1
concordarnos;1
olorcillo;1
vivido;1
pongamos;1
discorde;1
ausentes;1
distan;1
erades;1
truchuelas;1
sangran;1
bordando;1
fragatas;1
sanado;1
lentejas;1
confundan;1
codicia;1
escura;1
aventurarlo;1
hojeando;1
llegaste;1
cesen;1
osamos;1
fortificase;1
feroces;1
alaban;1
codicio;1
cortaba;1
condenada;1
convenible;1
brebaje;1
caba;1
entretienen;1
venzan;1
parasismos;1
descendientes;1
cegara;1
requieren;1
sanaba;1
yerra;1
acostumbrar;1
sobresaltes;1
zagalejas;1
neciamente;1
crea;1
trenza;1
armase;1
tundido;1
labio;1
birretillo;1
ausentas;1
ausentar;1
oscuros;1
yerro;1
apasionados;1
bendigo;1
menoscaba;1
odio;1
propias;1
correrse;1
buscada;1
forzado;1
alcornoque;1
pedilla;1
buscado;1
precisos;1
quilata;1
lamentaciones;1
caen;1
quilate;1
pedillo;1
diamantino;1
usase;1
terrado;1
humilla;1
embozarse;1
caparum;1
pajecillos;1
pregunto;1
resistencia;1
yago;1
respondo;1
turbio;1
acertares;1
morato;1
viose;1
alce;1
cesar;1
vistoso;1
dispusiese;1
lavadas;1
sujetarme;1
jaeces;1
endiablados;1
cris;1
antifaz;1
vistosa;1
lapidarios;1
acertasen;1
desconsolada;1
tanteado;1
prestarme;1
oprimir;1
virreyes;1
acobardado;1
guardarlos;1
tribunales;1
sordo;1
ferir;1
saberla;1
saldremos;1
dudara;1
cometer;1
rogada;1
desprecio;1
pasatiempos;1
seguida;1
calo;1
gozamos;1
asistencia;1
fingido;1
rendirnos;1
desconsolado;1
darla;1
describen;1
llana;1
temidas;1
certeza;1
cala;1
rieto;1
tenebrosa;1
sereno;1
rui;1
bizmado;1
venteriles;1
ata;1
encaminen;1
sonoro;1
derribados;1
encerraban;1
silvestres;1
tratante;1
necesidades;1
quedare;1
limpie;1
sesteando;1
atrevo;1
concluyesen;1
griegos;1
aventurarse;1
atreve;1
mantuano;1
apacentando;1
atropellada;1
alargarme;1
capa;1
tercero;1
mollera;1
infundir;1
recatarse;1
enfadase;1
supiere;1
ligeros;1
hablarla;1
encolerizado;1
aguja;1
esfogue;1
deleites;1
ayuntado;1
enamorasen;1
suplicar;1
encojan;1
corrieron;1
vencidos;1
tramontana;1
destetan;1
ayo;1
asistir;1
lacayo;1
allane;1
engendrar;1
hablaron;1
gigantazo;1
obligarnos;1
nata;1
bota;1
vile;1
terrones;1
cate;1
encerrasen;1
lizos;1
more;1
deshogar;1
ahorro;1
talego;1
conchas;1
acabaremos;1
pasearse;1
dejada;1
bellacuelo;1
asirle;1
sacara;1
requiebros;1
deshacerte;1
trocada;1
amenaza;1
adquirir;1
ordenando;1
llegas;1
vengativo;1
otorgado;1
curan;1
guillermo;1
emboscarse;1
cebra;1
inclinando;1
mantillas;1
copos;1
injustamente;1
antequera;1
llegare;1
cayo;1
versados;1
atajase;1
ofrecimiento;1
memorables;1
cruzando;1
dejaran;1
mitigar;1
otorgaba;1
bajaron;1
podridos;1
escabroso;1
impensado;1
circunstancia;1
guinea;1
atentados;1
retamas;1
pescado;1
llegada;1
desviaos;1
rasgar;1
ruidos;1
arrastrarse;1
tendras;1
avisote;1
anduvimos;1
asomaron;1
funesta;1
dilatando;1
ganaba;1
propincua;1
clavaron;1
descontar;1
melindrosa;1
pierden;1
cardenales;1
guardaamigo;1
tenor;1
floridos;1
certificarse;1
temiese;1
hender;1
mudables;1
valerme;1
suben;1
ofendido;1
rendidos;1
interviene;1
sanson;1
ofendida;1
sergas;1
requebrar;1
trababa;1
decirlo;1
muere;1
soltando;1
dijimosle;1
prometieron;1
cosido;1
sostenerme;1
desembarcadero;1
franca;1
regalaron;1
aparten;1
recogieron;1
tajada;1
mostrarle;1
alistaba;1
deba;1
achaques;1
cansaban;1
mostrarme;1
yoguieren;1
firmada;1
celosa;1
correspondiese;1
bastaran;1
astroso;1
cablleros;1
parentela;1
balde;1
muebles;1
acomodase;1
sit;1
dulzura;1
alanceallas;1
pagada;1
alborozado;1
oigas;1
antojadiza;1
representante;1
depositen;1
granjeado;1
quedada;1
contadme;1
frecuencia;1
ludovico;1
presencias;1
encanten;1
tenorio;1
salirse;1
vocablos;1
gratificado;1
rogad;1
tenedle;1
impertinencia;1
fidedigno;1
lienzos;1
echada;1
dificultosas;1
gibraltar;1
fadas;1
llegarse;1
privilegio;1
escaseza;1
chufeta;1
visitaba;1
escarnecen;1
aliviar;1
discretisimo;1
ordenaba;1
encaminose;1
pagara;1
echaba;1
faltas;1
asalariado;1
amas;1
bastarda;1
abrazamiento;1
concordancia;1
oyere;1
sedan;1
oyera;1
trabada;1
desviada;1
herrados;1
retirarnos;1
mantearon;1
corriesen;1
riese;1
emboscar;1
gante;1
escena;1
manchase;1
bodas;1
trabaja;1
recompensallas;1
persuadirles;1
usque;1
riera;1
subid;1
ponerla;1
propuesto;1
cecear;1
megos;1
marinero;1
portero;1
emboscasen;1
demandas;1
alabo;1
condenar;1
visitado;1
recogeos;1
atribuyendo;1
brutesco;1
alfana;1
robadores;1
colmado;1
encendiendo;1
peladas;1
hazme;1
mezcladas;1
suspira;1
vengue;1
estanterol;1
misturas;1
desabrido;1
gurreas;1
tijeras;1
obligase;1
ficieron;1
lamentar;1
desatamos;1
poneros;1
vengada;1
corbacho;1
salirme;1
despejan;1
proezas;1
desmandada;1
aquiles;1
marfil;1
participante;1
antifaces;1
felices;1
defensores;1
bendito;1
manchado;1
valija;1
mezclar;1
castiga;1
descolgado;1
escojan;1
felicia;1
convidando;1
rondilla;1
enviarle;1
extremadamente;1
fanegas;1
parase;1
quitarlos;1
imaginadas;1
acabamiento;1
leyentes;1
esponja;1
montserrat;1
velase;1
ventajas;1
naval;1
describiendo;1
idas;1
adelantado;1
injusta;1
andaluz;1
acomodaba;1
digresiones;1
arrancado;1
esquina;1
ponerte;1
desnudas;1
fraternal;1
desnudar;1
verme;1
hechizos;1
buscador;1
moncadas;1
lalanza;1
mueca;1
polvoso;1
dijeres;1
concibe;1
concertamos;1
godofre;1
acomodada;1
pareciere;1
almete;1
aturdido;1
abrazos;1
raposa;1
vigilias;1
fortificaba;1
murmuran;1
inaudito;1
revolverse;1
tufo;1
filis;1
quitadas;1
saludes;1
maravillado;1
aurora;1
saltaba;1
entonada;1
millones;1
ordenara;1
pasees;1
ordenare;1
consumidor;1
veredes;1
bizmalle;1
envasar;1
tenia;1
acetar;1
quebrando;1
viudas;1
sustentadas;1
agrada;1
goce;1
tuho;1
desmochada;1
manchada;1
saltado;1
defraudar;1
endiabladas;1
casarla;1
tiemblan;1
incansable;1
embarazo;1
aciagos;1
desviase;1
engolfados;1
rendida;1
muela;1
tristeza;1
camine;1
escarde;1
acuchillado;1
posar;1
satisfizo;1
pasear;1
remeros;1
traban;1
concertar;1
llegaren;1
granada;1
solitarios;1
pirineo;1
siestas;1
