Text;Size
t;590
e;482
a;399
i;348
r;326
n;257
s;236
o;222
l;201
p;184
de;149
c;129
d;119
h;89
u;81
f;80
g;79
m;75
el;73
en;66
la;61
que;56
tika;52
x;48
y;46
un;44
k;41
los;38
del;33
v;30
new;30
podemos;28
apache;25
para;25
se;23
como;23
es;19
por;19
b;18
ta;18
j;16
una;16
rg;16
texto;16
con;15
las;15
system;14
or;14
metada;14
nos;14
forma;13
ejemplo;13
extraer;12
ejemplos;12
metadatos;11
conten;10
parser;10
and;10
este;10
pdf;9
lo;9
document;9
si;9
documento;9
contenido;9
documentos;9
información;9
encontrar;8
og;8
java;8
name;8
fichero;8
outpu;8
podremos;8
utilizar;8
al;7
w;7
sobre;7
formato;7
distintos;7
puede;7
mime;6
xml;6
permite;6
z;6
donde;6
más;6
id;6
le;6
no;6
práctica;6
entregar;6
org;6
ficheros;6
salida;6
aplicaciones;5
ch;5
thand;5
clase;5
tipos;5
gui;5
mas;5
descargar;5
url;5
cada;5
gráfico;5
use;5
on;5
bodyconten;5
así;5
realizar;5
esto;5
utilizando;5
lenguaje;5
sax;5
formatos;4
image;4
digitales;4
partir;4
tml;4
in;4
depar;4
análisis;4
hacer;4
uso;4
me;4
amen;4
th;4
to;4
incluir;4
considerar;4
pero;4
xhtml;4
web;4
método;4
entrada;4
proporciona;4
contenthandler;4
tada;4
ver;4
página;4
computación;4
menos;3
you;3
ugr;3
chxml;3
sea;3
textual;3
todo;3
parsed;3
ejecutar;3
detección;3
sin;3
length;3
uno;3
frecuencia;3
completo;3
ioma;3
orden;3
hemos;3
siguiente;3
interfaz;3
escrito;3
tamaño;3
main;3
ly;3
mode;3
met;3
pdfparser;3
control;3
sistemas;3
datos;3
nivel;3
objetivo;3
su;3
cómo;3
fecha;3
tohtmlhandler;3
tareas;3
tipo;3
enlaces;3
permitiendo;3
bien;3
palabras;3
estructura;3
cuando;3
través;3
tohtmlcontenthandler;3
simple;3
automática;3
html;3
codificación;3
queremos;3
esta;3
granada;3
programas;3
metadatanames;2
pág;2
explorando;2
ten;2
versión;2
mayor;2
estos;2
estamos;2
frank;2
ello;2
anterior;2
sólo;2
conjunto;2
pasos;2
ser;2
pasado;2
eje;2
toxmlcontenthandler;2
identificación;2
detectar;2
nube;2
da;2
podríamos;2
entrega;2
rgumen;2
herramienta;2
debe;2
pueden;2
será;2
ge;2
mundo;2
constantes;2
decreciente;2
utilizado;2
tlanguage;2
action;2
hora;2
dos;2
extracción;2
stream;2
apartado;2
names;2
elementos;2
extrae;2
son;2
pxml;2
libro;2
representa;2
desde;2
línea;2
dichas;2
nuestros;2
deben;2
considerando;2
términos;2
metadata;2
px;2
programa;2
password;2
ley;2
obtener;2
rm;2
ro;2
veremos;2
ejemplosimple;2
sus;2
parámetro;2
cualquier;2
entiende;2
encuentra;2
todos;2
asignatura;2
aplicación;2
recomienda;2
mediante;2
vo;2
trabajando;2
detecta;2
entender;2
identificar;2
ws;2
patrón;2
usage;2
tener;2
obteniendo;2
hace;2
utiliza;2
utilizará;2
geo;2
contenga;2
código;2
mayoría;2
usan;2
ika;2
tengamos;2
inputstream;2
tres;2
from;2
vez;2
utilizan;2
desarrollo;2
eibe;2
pasa;2
alto;2
debemos;2
can;2
wid;2
parsetostring;2
generar;2
cuenta;2
wit;2
proceso;2
poder;2
mentos;1
siguientes;1
generadas;1
implementar;1
pide;1
toda;1
themes;1
tec;1
indicará;1
dev;1
permiten;1
rag;1
misma;1
xmp;1
soporte;1
visto;1
as;1
cual;1
está;1
paso;1
plano;1
semántico;1
leído;1
siempre;1
obtenemos;1
algoritmos;1
acceder;1
be;1
importar;1
contribución;1
estádar;1
disponemos;1
proyecto;1
presentará;1
daremos;1
elaborar;1
cen;1
hoja;1
example;1
después;1
cer;1
propios;1
modificar;1
sintácticos;1
sep;1
muchas;1
fase;1
ce;1
clave;1
gestión;1
cación;1
analizadores;1
cp;1
drupa;1
incluidos;1
the;1
delega;1
existen;1
accedemos;1
igual;1
salidas;1
dc;1
javac;1
iso;1
nuestro;1
reader;1
parte;1
primeros;1
cerrado;1
nuestra;1
parsearhtml;1
apropiados;1
ed;1
merece;1
facilitando;1
tratamiento;1
verificación;1
final;1
leopt;1
tenemos;1
genérica;1
pequeño;1
for;1
ioexcep;1
hacerlo;1
fr;1
title;1
directorio;1
tiene;1
json;1
algún;1
tutorial;1
fachada;1
termino;1
analizan;1
clara;1
cabeceras;1
custom;1
solo;1
parse;1
message;1
destacar;1
fork;1
conceptos;1
almacenados;1
defecto;1
almacenada;1
number;1
text;1
pueda;1
aprendizaje;1
veamos;1
ir;1
crear;1
idiomas;1
iente;1
messages;1
consideren;1
convirtiendo;1
incluso;1
algunas;1
especifico;1
stemmer;1
creados;1
hacen;1
known;1
lineal;1
mobi;1
tabla;1
zipf;1
especifica;1
objetos;1
herramientas;1
ecuación;1
llamamos;1
completa;1
doctype;1
actualizada;1
aquellos;1
mail;1
loadmode;1
trabajo;1
grupo;1
abstracta;1
comportamiento;1
body;1
modi;1
dada;1
listado;1
logo;1
entre;1
término;1
lista;1
correcto;1
void;1
procesar;1
sigue;1
author;1
tionar;1
genéricos;1
ream;1
throws;1
típico;1
were;1
primero;1
keys;1
entrar;1
sean;1
formateado;1
media;1
mattmann;1
nombre;1
head;1
of;1
diseño;1
casos;1
row;1
opción;1
motores;1
os;1
perdido;1
realizamos;1
informe;1
openst;1
utilizadas;1
imized;1
avanzar;1
cuelgan;1
documental;1
consiste;1
sección;1
ayuda;1
bytes;1
centrarnos;1
cutando;1
ngram;1
octubre;1
handler;1
podéis;1
csv;1
pasar;1
utilidad;1
españa;1
lee;1
subdirectorio;1
seguir;1
api;1
crearemos;1
trabajar;1
independiente;1
ext;1
models;1
inteligencia;1
png;1
vamos;1
capaz;1
muchos;1
booth;1
ejecutarlo;1
crawler;1
xmlparser;1
ejecutando;1
acceso;1
propio;1
where;1
posición;1
art;1
agrupar;1
métodos;1
one;1
gran;1
almacenaremos;1
diferente;1
teniendo;1
team;1
cest;1
pasamos;1
necesario;1
dando;1
limitado;1
ranking;1
open;1
recurrir;1
representar;1
obtenida;1
fuente;1
contexto;1
potencialidades;1
han;1
opcional;1
parsear;1
poco;1
creaamos;1
mismos;1
ajuste;1
va;1
determinado;1
cliente;1
exploramos;1
conocer;1
resourcename;1
internet;1
seguros;1
drop;1
isbn;1
también;1
sacándole;1
proporcionan;1
cálculo;1
recuperación;1
otra;1
normal;1
figure;1
dentro;1
figura;1
implementa;1
grande;1
artificial;1
mahout;1
window;1
gutenberg;1
muestra;1
bién;1
sistema;1
ya;1
consideramos;1
distintas;1
previo;1
opciones;1
tamos;1
traen;1
indica;1
necesariamente;1
streams;1
preprocesado;1
chris;1
septiembre;1
usuario;1
bucear;1
mato;1
varias;1
word;1
allí;1
determinar;1
clases;1
interesados;1
tanto;1
esperar;1
electrónico;1
out;1
lacename;1
eam;1
wed;1
función;1
preciso;1
more;1
grupos;1
entorno;1
obtenido;1
operaciones;1
identificador;1
otros;1
reamos;1
utilizarlo;1
wiki;1
sencilla;1
used;1
teecontenthandler;1
ocurrencias;1
tal;1
variedad;1
encuentran;1
individual;1
entienden;1
presenten;1
automático;1
campo;1
fácil;1
quizás;1
comercio;1
cambiar;1
indicando;1
comprobar;1
encriptados;1
dará;1
concreto;1
imo;1
denominada;1
analizará;1
principal;1
september;1
leer;1
jukka;1
centraremos;1
adds;1
debug;1
ordenador;1
ordenados;1
command;1
ddu;1
viene;1
consultar;1
sultar;1
recursos;1
ocurrencia;1
parsecontext;1
argumento;1
