Text;Size
ut;34
sit;23
id;21
vitae;21
ac;20
fringilla;20
pellentesque;18
pulvinar;18
amet;18
justo;17
in;17
mauris;16
aliquam;15
ante;14
quis;14
neque;14
lorem;13
nunc;12
et;12
sed;11
non;11
cras;11
iaculis;10
morbi;10
nec;10
erat;10
nulla;10
efficitur;9
ipsum;9
vehicula;9
eros;9
est;9
mi;9
vel;9
fermentum;9
posuere;9
viverra;9
maecenas;9
libero;9
semper;8
at;8
vestibulum;8
nisl;8
egestas;8
lobortis;8
vulputate;8
eget;8
commodo;7
velit;7
eleifend;7
ligula;7
nullam;7
lacinia;7
dui;7
per;6
luctus;6
duis;6
a;6
ornare;6
placerat;6
imperdiet;6
dignissim;6
mattis;6
blandit;6
lectus;6
mollis;5
ullamcorper;5
congue;5
condimentum;5
auctor;5
porttitor;5
tristique;5
cursus;5
scelerisque;5
vivamus;5
tellus;5
tortor;5
dolor;4
sollicitudin;4
aenean;3
purus;3
leo;3
ad;3
sociosqu;3
taciti;3
aptent;3
laoreet;3
conubia;3
inceptos;3
dictum;3
metus;3
ultricies;3
tincidunt;3
turpis;3
sagittis;3
maximus;3
etiam;3
torquent;3
facilisis;3
donec;3
enim;3
litora;3
eu;3
ex;3
lacus;3
orci;3
venenatis;3
class;3
suspendisse;3
aliquet;3
pretium;3
sodales;2
convallis;2
arcu;2
dapibus;2
diam;2
interdum;2
praesent;2
malesuada;2
suscipit;2
adipiscing;2
odio;2
accumsan;2
integer;2
molestie;2
varius;2
felis;2
faucibus;2
tempus;2
risus;2
curabitur;2
consectetur;2
embed;1
fusce;1
