Text;Size
de;128
la;52
los;41
que;39
a;34
y;34
el;31
en;29
se;25
para;22
un;20
es;18
las;16
o;15
por;10
una;9
ha;9
con;9
seguridad;9
del;8
datos;8
información;8
ser;6
entidad;6
si;6
caso;6
como;6
ataques;6
usuarios;5
no;5
acceso;5
su;5
cualquier;5
hay;5
guardia;5
este;5
denunciar;4
hacer;4
lo;4
fraude;4
servicios;4
están;4
han;4
sector;4
así;4
según;4
esta;4
financiera;3
al;3
estos;3
primer;3
sea;3
civil;3
claves;3
sobre;3
más;3
uno;3
banco;3
doble;3
sido;3
bancario;3
uso;3
año;3
primero;3
sistemas;3
suelen;3
técnicas;3
manera;3
medidas;3
tarjeta;3
también;3
ya;3
tener;3
policía;3
operaciones;3
principales;3
cambiar;3
nuestras;3
consumidores;3
autenticación;3
posible;2
mayor;2
averiguar;2
paso;2
fraudulento;2
informática;2
credenciales;2
cf;2
detectar;2
existen;2
ellos;2
apunta;2
corporación;2
objetivos;2
nuestra;2
incibe;2
debe;2
riesgo;2
digitales;2
confidencial;2
víctima;2
precauciones;2
mejor;2
expertos;2
hora;2
dos;2
estimaciones;2
ataque;2
medios;2
ciberfraude;2
recomiendan;2
comunicación;2
contenidos;2
trata;2
media;2
forma;2
total;2
puede;2
utilizadas;2
aunque;2
antivirus;2
aumento;2
tus;2
seguir;2
correo;2
ley;2
mecanismos;2
objeto;2
otras;2
sus;2
email;2
todos;2
semestre;2
estilo;2
sufrir;2
puesta;2
pagos;2
pago;2
entidades;2
pero;2
otra;2
país;2
desarrollado;2
contactar;2
electrónico;2
bancarios;2
ante;2
través;2
robo;2
además;2
cuenta;2
disposición;2
consultar;2
siguientes;1
huelva;1
vía;1
suplantar;1
toda;1
marca;1
integrados;1
recibir;1
asegurar;1
funcionamiento;1
ciberseguridad;1
verificar;1
visto;1
accesible;1
prensa;1
refuerzo;1
pautas;1
instituto;1
conscientes;1
situación;1
está;1
fines;1
haciéndose;1
siempre;1
acceder;1
comerciales;1
factores;1
último;1
dejar;1
virus;1
disparado;1
modificar;1
investigación;1
pasos;1
muchas;1
clave;1
minimiza;1
medicina;1
experimentando;1
obliga;1
unión;1
obligada;1
financiero;1
novedades;1
u;1
pequeñas;1
capturar;1
igual;1
mandan;1
cancelar;1
alcanza;1
repeler;1
parte;1
dirigidos;1
ámbito;1
archivos;1
debo;1
ciudadanos;1
falsas;1
verificación;1
llamar;1
secuestren;1
enfrentarse;1
robarnos;1
interanual;1
content;1
detección;1
brigada;1
redacción;1
sin;1
mercantil;1
oportunas;1
voz;1
infectado;1
incluya;1
duplicar;1
somete;1
organismos;1
claro;1
identidades;1
maliciosos;1
folio;1
he;1
suplantando;1
seguro;1
saber;1
supuesto;1
ciberdelincuentes;1
pueda;1
manteniendo;1
reduce;1
canales;1
realizado;1
ir;1
andalucía;1
tipos;1
bancarias;1
banca;1
bloquear;1
ciberataques;1
identidad;1
procedimiento;1
ampliado;1
sms;1
distintos;1
pública;1
consultora;1
escrita;1
éstos;1
extremen;1
portales;1
movimientos;1
tomo;1
reforzada;1
unidad;1
detener;1
acaba;1
aquellos;1
anular;1
delante;1
usa;1
aportando;1
grupo;1
asegra;1
vías;1
son;1
recopilar;1
entre;1
libro;1
infraestructura;1
activos;1
todas;1
proteger;1
sospechoso;1
dotadas;1
pidiendo;1
inscripción;1
fuertes;1
evitar;1
nuestros;1
desactivar;1
protegidos;1
ponerla;1
adaptación;1
tarjetas;1
tecnológica;1
casos;1
deben;1
consejos;1
cibercriminales;1
tecnológico;1
notificación;1
veces;1
conseguir;1
intenta;1
haya;1
suplantación;1
mera;1
ayuda;1
sección;1
bancaria;1
online;1
proveedor;1
conocimiento;1
recomendable;1
europea;1
directa;1
pasar;1
unos;1
españa;1
sirve;1
grandes;1
recuperar;1
sentido;1
bloquee;1
sofisticado;1
destinada;1
tales;1
estafado;1
independiente;1
transferencia;1
modificando;1
defensa;1
capaz;1
muchos;1
importante;1
intentar;1
manejar;1
nivel;1
riesgos;1
persigue;1
fundamental;1
asesor;1
prueba;1
cargos;1
protegerse;1
generaron;1
incluyendo;1
popular;1
contacto;1
señala;1
derechos;1
experto;1
te;1
oposición;1
deepak;1
empresas;1
algo;1
tu;1
prácticamente;1
habitual;1
indirectamente;1
mensajes;1
calcula;1
comunes;1
cómo;1
periódica;1
expresa;1
protege;1
va;1
aplicación;1
financieras;1
denuncia;1
mediante;1
engaño;1
delitos;1
años;1
actuar;1
seguros;1
internet;1
últimos;1
encargadas;1
contenido;1
detecta;1
distinguir;1
provocar;1
nuevos;1
robar;1
gasto;1
emplea;1
utilización;1
finanzas;1
central;1
oficina;1
aún;1
engañar;1
factor;1
peligros;1
servicio;1
medida;1
junio;1
ponerse;1
registro;1
sofisticadas;1
contraseña;1
regulación;1
tipo;1
trend;1
iniciación;1
sistema;1
prohibida;1
rellenen;1
revistas;1
reproducción;1
plataformas;1
emplean;1
presentar;1
cuerpos;1
cuyo;1
usarla;1
polígono;1
tercer;1
septiembre;1
norte;1
parches;1
intervenido;1
informativo;1
electrónica;1
introducido;1
web;1
millones;1
cuentas;1
ayudar;1
dificultad;1
sensible;1
constantemente;1
reducen;1
hasta;1
reconocen;1
grupos;1
existe;1
convirtiéndose;1
pretende;1
fortificar;1
traslada;1
usar;1
validación;1
diseñadas;1
manifiesta;1
diario;1
crédito;1
número;1
utilizando;1
aplicando;1
exponer;1
tomar;1
reseñas;1
clientes;1
difícil;1
orientadas;1
páginas;1
aumentado;1
utilizar;1
telemáticos;1
facilitado;1
elaboración;1
dirección;1
depender;1
implantar;1
gocen;1
empresa;1
siguiendo;1
sospecha;1
pone;1
devolver;1
nacional;1
indicio;1
momento;1
principal;1
muy;1
debemos;1
general;1
aprender;1
requisitos;1
prudencia;1
fuerzas;1
ningún;1
bancos;1
contra;1
registrado;1
auditorías;1
poder;1
mitigar;1
dispositivos;1
informar;1
