Text;Size
t;582
e;467
a;392
i;347
r;321
n;254
s;221
o;211
l;196
p;184
de;134
c;128
d;114
h;89
u;81
f;79
g;77
m;71
el;64
en;55
la;52
que;52
x;46
y;40
un;40
k;39
tika;39
los;34
del;30
v;30
new;28
apache;23
podemos;22
para;21
se;19
b;18
ta;18
es;17
como;17
j;16
rg;16
texto;15
system;14
las;14
or;14
metada;14
una;13
con;13
nos;13
por;12
ejemplo;12
conten;10
extraer;10
este;10
lo;9
forma;9
and;9
información;9
og;8
outpu;8
metadatos;7
w;7
encontrar;7
sobre;7
puede;7
document;7
si;7
name;7
contenido;7
podremos;7
ejemplos;7
permite;6
al;6
parser;6
formato;6
más;6
pdf;6
id;6
distintos;6
le;6
no;6
documentos;6
fichero;6
utilizar;6
ch;5
thand;5
clase;5
tipos;5
gráfico;5
use;5
on;5
práctica;5
bodyconten;5
así;5
realizar;5
ficheros;5
salida;5
sax;5
xml;4
formatos;4
image;4
tml;4
in;4
depar;4
gui;4
descargar;4
cada;4
uso;4
me;4
amen;4
to;4
documento;4
entregar;4
org;4
entrada;4
proporciona;4
esto;4
utilizando;4
tada;4
página;4
menos;3
you;3
ugr;3
chxml;3
sea;3
aplicaciones;3
textual;3
todo;3
z;3
parsed;3
detección;3
length;3
partir;3
uno;3
frecuencia;3
ioma;3
orden;3
hemos;3
siguiente;3
análisis;3
interfaz;3
escrito;3
mas;3
tamaño;3
url;3
ly;3
met;3
control;3
sistemas;3
java;3
datos;3
nivel;3
su;3
th;3
incluir;3
cómo;3
pero;3
tohtmlhandler;3
tareas;3
xhtml;3
permitiendo;3
estructura;3
web;3
cuando;3
método;3
contenthandler;3
automática;3
html;3
ver;3
codificación;3
esta;3
lenguaje;3
granada;3
mime;2
metadatanames;2
pág;2
ten;2
estos;2
estamos;2
frank;2
ello;2
pasos;2
ser;2
pasado;2
eje;2
toxmlcontenthandler;2
detectar;2
da;2
podríamos;2
rgumen;2
herramienta;2
donde;2
digitales;2
pueden;2
será;2
sin;2
ge;2
mundo;2
constantes;2
tlanguage;2
action;2
hora;2
hacer;2
stream;2
apartado;2
names;2
elementos;2
main;2
son;2
pxml;2
libro;2
representa;2
desde;2
dichas;2
nuestros;2
deben;2
pdfparser;2
considerando;2
términos;2
password;2
ley;2
obtener;2
ro;2
veremos;2
ejemplosimple;2
sus;2
parámetro;2
entiende;2
encuentra;2
todos;2
asignatura;2
fecha;2
considerar;2
vo;2
detecta;2
entender;2
identificar;2
patrón;2
tipo;2
usage;2
enlaces;2
bien;2
hace;2
utiliza;2
utilizará;2
palabras;2
geo;2
contenga;2
mayoría;2
usan;2
ika;2
tohtmlcontenthandler;2
simple;2
tengamos;2
inputstream;2
tres;2
vez;2
utilizan;2
queremos;2
desarrollo;2
eibe;2
pasa;2
alto;2
debemos;2
can;2
wid;2
computación;2
generar;2
cuenta;2
wit;2
poder;2
generadas;1
implementar;1
pide;1
toda;1
themes;1
tec;1
indicará;1
dev;1
permiten;1
rag;1
misma;1
explorando;1
soporte;1
versión;1
mayor;1
visto;1
as;1
cual;1
paso;1
plano;1
semántico;1
siempre;1
obtenemos;1
algoritmos;1
acceder;1
be;1
importar;1
contribución;1
estádar;1
disponemos;1
proyecto;1
presentará;1
daremos;1
elaborar;1
anterior;1
hoja;1
example;1
después;1
sólo;1
conjunto;1
propios;1
modificar;1
sintácticos;1
sep;1
muchas;1
fase;1
ce;1
gestión;1
cp;1
drupa;1
identificación;1
incluidos;1
the;1
delega;1
accedemos;1
nube;1
dc;1
iso;1
parte;1
primeros;1
cerrado;1
nuestra;1
parsearhtml;1
apropiados;1
ed;1
merece;1
debe;1
tratamiento;1
verificación;1
final;1
leopt;1
ejecutar;1
tenemos;1
genérica;1
pequeño;1
for;1
hacerlo;1
fr;1
title;1
directorio;1
tiene;1
algún;1
fachada;1
analizan;1
clara;1
cabeceras;1
custom;1
solo;1
parse;1
fork;1
conceptos;1
decreciente;1
completo;1
defecto;1
almacenada;1
utilizado;1
pueda;1
veamos;1
ir;1
crear;1
consideren;1
dos;1
incluso;1
especifico;1
extracción;1
stemmer;1
creados;1
hacen;1
known;1
lineal;1
mobi;1
tabla;1
especifica;1
objetos;1
herramientas;1
ecuación;1
llamamos;1
completa;1
doctype;1
actualizada;1
extrae;1
aquellos;1
mail;1
loadmode;1
trabajo;1
grupo;1
abstracta;1
comportamiento;1
body;1
mode;1
modi;1
dada;1
logo;1
entre;1
término;1
lista;1
correcto;1
procesar;1
sigue;1
author;1
genéricos;1
ream;1
típico;1
were;1
línea;1
primero;1
entrar;1
sean;1
formateado;1
media;1
mattmann;1
nombre;1
head;1
of;1
diseño;1
casos;1
row;1
opción;1
motores;1
os;1
realizamos;1
informe;1
openst;1
utilizadas;1
imized;1
avanzar;1
cuelgan;1
consiste;1
sección;1
ayuda;1
bytes;1
centrarnos;1
ngram;1
handler;1
metadata;1
podéis;1
csv;1
programa;1
pasar;1
utilidad;1
lee;1
subdirectorio;1
seguir;1
api;1
crearemos;1
trabajar;1
independiente;1
ext;1
models;1
inteligencia;1
vamos;1
capaz;1
booth;1
ejecutarlo;1
crawler;1
xmlparser;1
ejecutando;1
propio;1
objetivo;1
where;1
posición;1
cualquier;1
agrupar;1
métodos;1
one;1
gran;1
almacenaremos;1
diferente;1
teniendo;1
team;1
cest;1
pasamos;1
necesario;1
limitado;1
ranking;1
open;1
recurrir;1
representar;1
obtenida;1
fuente;1
contexto;1
potencialidades;1
han;1
parsear;1
creaamos;1
mismos;1
ajuste;1
va;1
aplicación;1
determinado;1
exploramos;1
recomienda;1
conocer;1
resourcename;1
internet;1
seguros;1
trabajando;1
drop;1
isbn;1
también;1
proporcionan;1
ws;1
recuperación;1
normal;1
dentro;1
implementa;1
grande;1
artificial;1
mahout;1
window;1
sistema;1
ya;1
consideramos;1
distintas;1
previo;1
opciones;1
tamos;1
tener;1
indica;1
obteniendo;1
chris;1
septiembre;1
bucear;1
varias;1
allí;1
determinar;1
clases;1
interesados;1
tanto;1
esperar;1
out;1
lacename;1
eam;1
wed;1
función;1
código;1
preciso;1
more;1
grupos;1
entorno;1
obtenido;1
través;1
operaciones;1
identificador;1
otros;1
reamos;1
utilizarlo;1
wiki;1
sencilla;1
used;1
from;1
ocurrencias;1
variedad;1
encuentran;1
individual;1
entienden;1
presenten;1
campo;1
fácil;1
quizás;1
comercio;1
comprobar;1
encriptados;1
dará;1
concreto;1
denominada;1
principal;1
parsetostring;1
jukka;1
centraremos;1
debug;1
proceso;1
ordenados;1
command;1
programas;1
viene;1
consultar;1
recursos;1
parsecontext;1
argumento;1
