Text;Size
the;12
in;7
of;7
an;5
to;5
visual;4
computer;4
fantasy;4
and;4
xml;3
corets;3
is;3
at;3
comprehensiv;3
maev;3
microsoft;3
england;3
guid;3
for;3
eva;3
sequel;2
as;2
studi;2
explored;2
detail;2
after;2
horror;2
c;2
ascendant;2
depth;2
paul;2
tim;2
net;2
new;2
deep;2
legacy;2
romanc;2
society;2
battl;2
with;2
inhabitants;1
scorpions;1
half;1
about;1
when;1
ralls;1
ruffled;1
trip;1
her;1
finds;1
randall;1
lost;1
jam;1
creat;1
meets;1
anthology;1
being;1
insects;1
former;1
collaps;1
carl;1
creating;1
processing;1
inadvertant;1
looking;1
interfaz;1
love;1
other;1
dom;1
queen;1
crawli;1
architect;1
another;1
foundation;1
birds;1
diver;1
uncertainty;1
two;1
initiativ;1
how;1
into;1
world;1
roach;1
known;1
peter;1
are;1
mysterious;1
get;1
gambardell;1
twenty;1
devic;1
oberon;1
sundered;1
childhood;1
lover;1
more;1
one;1
discovers;1
stori;1
apocalyps;1
cynthi;1
fly;1
thousand;1
asp;1
through;1
agent;1
london;1
fiction;1
own;1
daughters;1
post;1
feathers;1
salway;1
nanotechnology;1
only;1
grail;1
centiped;1
programming;1
matthew;1
stefan;1
rain;1
beneath;1
development;1
lay;1
kress;1
ornithology;1
this;1
look;1
conferenc;1
referenc;1
parser;1
survivors;1
covered;1
true;1
evil;1
helps;1
knorr;1
heisenberg;1
basic;1
problems;1
scienc;1
young;1
mike;1
becom;1
quantum;1
kim;1
corporat;1
life;1
integrated;1
sorceress;1
gal;1
leagu;1
thurman;1
paradox;1
midnight;1
control;1
sisters;1
sax;1
tempers;1
environment;1
zombi;1
splish;1
attention;1
xslt;1
splash;1
creepy;1
applications;1
bibl;1
