Text;Size
ut;37
in;24
fringill;24
vita;23
sit;23
amet;23
lorem;21
id;21
ac;20
quis;20
just;20
ipsum;19
aliquam;19
pulvinar;18
vel;18
pellentesqu;18
nequ;17
est;17
et;17
nunc;16
erat;16
mauris;16
efficitur;15
velit;14
maecen;14
fermentum;13
cras;13
vestibulum;12
null;12
sed;11
nisl;11
imperdiet;11
lobortis;11
vulputat;11
non;11
eget;11
semper;10
iaculis;10
morbi;10
ligul;10
nec;10
commod;10
dui;10
vehicul;9
viverr;9
condimentum;9
eros;9
posuer;9
mattis;9
lectus;9
liber;9
egest;8
at;8
congu;8
auctor;8
cursus;8
scelerisqu;8
varius;8
tellus;8
orci;8
blandit;8
tristiqu;8
volutpat;7
lacini;7
magn;7
arcu;7
dolor;7
etiam;7
eleifend;7
euismod;7
nullam;7
ultrici;6
purus;6
ornar;6
per;6
luctus;6
laoreet;6
duis;6
tincidunt;6
placerat;6
sapien;6
sagittis;6
facilisis;6
dignissim;6
venenatis;6
pretium;6
mollis;5
molesti;5
ullamcorper;5
porttitor;5
vivamus;5
eu;5
ex;5
tortor;5
convallis;4
elit;4
fusc;4
odio;4
felis;4
row;4
sollicitudin;4
aenean;3
leo;3
ad;3
urna;3
sociosqu;3
taciti;3
aptent;3
dictum;3
metus;3
quam;3
column;3
suspendiss;3
turpis;3
maximus;3
torquent;3
conubi;3
nostr;3
donec;3
litor;3
enim;3
facilisi;3
lacus;3
class;3
incept;3
aliquet;3
himenae;3
sodal;2
sem;2
dapibus;2
diam;2
interdum;2
nisi;2
praesent;2
suscipit;2
adipiscing;2
accumsan;2
integer;2
faucibus;2
malesuad;2
tempus;2
mass;2
risus;2
curabitur;2
consectetur;2
