Text;Size
seguridad;11
dat;11
bancari;10
ataqu;10
entidad;9
informacion;8
fraud;7
primer;6
ser;6
granad;6
si;6
caso;6
usuari;6
nacional;6
guardi;5
medi;5
contraseñ;5
financier;5
civil;5
digital;5
servici;5
acces;5
ideal;5
banc;5
cualquier;5
así;5
tarjet;5
operacion;4
denunciar;4
sistem;4
adem;4
expert;4
identidad;4
hacer;4
uso;4
medid;4
clav;4
cuent;4
ciberdelincuent;4
sector;4
pago;4
posibl;4
phishing;4
segun;4
autenticacion;4
contenid;4
principal;4
ultim;3
polici;3
empres;3
incib;3
informatic;3
pued;3
electronic;3
riesg;3
fraudulent;3
maner;3
año;3
diari;3
antivirus;3
suelen;3
dobl;3
ciberfraud;3
objetiv;3
func;3
tecnic;3
tener;3
sociedad;3
contactar;3
diner;3
web;3
consumidor;3
robo;3
corre;3
cambiar;3
cas;3
disposicion;3
ciberseguridad;2
mayor;2
averiguar;2
paso;2
economi;2
vocent;2
juzgad;2
cf;2
detectar;2
españ;2
existen;2
nuev;2
pag;2
contact;2
legal;2
daswani;2
tecnologi;2
corporacion;2
pas;2
debe;2
confidencial;2
prueb;2
deport;2
estil;2
form;2
grup;2
mejor;2
credencial;2
hora;2
dos;2
mund;2
recomiendan;2
objet;2
comunicacion;2
total;2
victim;2
suplantacion;2
cultur;2
finanz;2
estimacion;2
seguir;2
ley;2
expres;2
desarrollad;2
email;2
mecanism;2
comun;2
precaucion;2
sufrir;2
aplicacion;2
denunci;2
compartir;2
facilitad;2
sofisticad;2
factor;2
país;2
incluyend;2
puest;2
trav;2
trat;2
gent;2
politic;2
reproduccion;2
plan;2
tecnologic;2
segur;2
semestr;2
andaluci;2
bizum;2
utilizad;2
producen;2
direccion;2
particular;2
aument;2
general;2
aunqu;2
apunt;2
consultar;2
ciberataqu;2
prudenci;1
intervenid;1
fin;1
vía;1
dispositiv;1
suplantar;1
pretend;1
toda;1
comercial;1
dañ;1
recibir;1
asegurar;1
tem;1
protegid;1
autorizacion;1
despu;1
consultor;1
verificar;1
personal;1
estafad;1
avis;1
manteniend;1
destinad;1
foli;1
situacion;1
traslad;1
much;1
agujer;1
investigacion;1
informativ;1
acceder;1
ello;1
exponencial;1
dejar;1
virus;1
anterior;1
registral;1
disparad;1
hoy;1
guapabox;1
movimient;1
modificar;1
usarl;1
oficial;1
suplantand;1
integrad;1
vist;1
c;1
paut;1
union;1
sospech;1
intrusion;1
u;1
registrad;1
juni;1
capturar;1
igual;1
mandan;1
diseñad;1
cancelar;1
repeler;1
somet;1
resumen;1
gast;1
introducid;1
tip;1
smishing;1
debo;1
llamad;1
consej;1
reduc;1
verificacion;1
sentid;1
llamar;1
secuestren;1
mediant;1
procedimient;1
activ;1
mujerhoy;1
interanual;1
sencill;1
experimentand;1
content;1
ransomwar;1
deteccion;1
client;1
mercantil;1
funcasqu;1
redaccion;1
oferplan;1
voz;1
abcdesevill;1
duplicar;1
ambit;1
ayud;1
grand;1
indirectament;1
infectad;1
tlf;1
numer;1
millon;1
saber;1
mult;1
movil;1
castill;1
recomendabl;1
normativ;1
malwar;1
portal;1
contencion;1
encargad;1
pequeñ;1
ir;1
oficin;1
orientad;1
codig;1
pertinent;1
bloquear;1
unic;1
tod;1
revist;1
institut;1
supuest;1
oportun;1
dificil;1
escrit;1
sms;1
siguient;1
ciudadan;1
modificand;1
extremen;1
tomo;1
siguiend;1
unidad;1
descargad;1
huelv;1
detener;1
hacker;1
plataform;1
expuest;1
octubr;1
sensibl;1
sospechos;1
transferenci;1
anular;1
usa;1
emple;1
mensaj;1
cos;1
est;1
vías;1
prohibid;1
etc;1
delant;1
recopilar;1
credit;1
oblig;1
infraestructur;1
enlaz;1
manifiest;1
real;1
relevant;1
proteger;1
derech;1
reservad;1
inscripcion;1
funcionamient;1
cortafueg;1
ampliad;1
protegers;1
eur;1
evitar;1
montañ;1
desactivar;1
aplicand;1
minimiz;1
calcul;1
adaptacion;1
debem;1
poners;1
deben;1
reforzad;1
ponerl;1
infoemple;1
publicidad;1
estaf;1
notificacion;1
conseguir;1
seccion;1
autocasion;1
dud;1
constantement;1
mera;1
distribucion;1
qued;1
prens;1
proveedor;1
malicios;1
pasar;1
recuperar;1
provinci;1
hech;1
cuerp;1
incluy;1
onlin;1
etic;1
ilicit;1
capaz;1
enfrentars;1
idealdigital;1
intentar;1
siempr;1
manejar;1
afectad;1
nivel;1
pidiend;1
fundamental;1
asesor;1
cibercriminal;1
mejorar;1
utilizand;1
moment;1
privacidad;1
novedad;1
generaron;1
haciendos;1
canal;1
popular;1
bloque;1
pagin;1
condicion;1
clar;1
deepak;1
aumentad;1
peligr;1
oposicion;1
habitual;1
actualizad;1
dotad;1
parch;1
perdid;1
cómo;1
organism;1
defens;1
robarn;1
va;1
mapa;1
años;1
actuar;1
internet;1
libr;1
distinguir;1
convirtiendos;1
aportand;1
provocar;1
detect;1
previ;1
robar;1
robad;1
central;1
utilizacion;1
aún;1
engañad;1
descuent;1
engañar;1
alcanz;1
marc;1
registr;1
iniciacion;1
tipo;1
responsabl;1
trend;1
auditori;1
obligad;1
regulacion;1
rellenen;1
poligon;1
asegr;1
emplean;1
presentar;1
cuyo;1
voluntari;1
accesibl;1
distint;1
sirv;1
exist;1
micr;1
tercer;1
indici;1
carg;1
periodic;1
direct;1
dirigid;1
refuerz;1
ayudar;1
europe;1
dificultad;1
reducen;1
confianz;1
aquí;1
juici;1
reconocen;1
fortificar;1
validacion;1
realizad;1
usar;1
xlsemanal;1
secuestr;1
requisit;1
cuestion;1
cooki;1
parcial;1
exponer;1
telematic;1
tomar;1
internaut;1
medicin;1
exponen;1
tal;1
independient;1
elaboracion;1
brigad;1
utilizar;1
vez;1
fals;1
important;1
aquell;1
depender;1
implantar;1
reseñ;1
gocen;1
desproporcionadament;1
pone;1
devolver;1
lucrativ;1
prevencion;1
delit;1
part;1
engañ;1
señal;1
proteg;1
aprender;1
public;1
conscient;1
practicament;1
factory;1
conocimient;1
fuerz;1
fuert;1
poder;1
intent;1
acab;1
persigu;1
mitigar;1
nort;1
informar;1
modalidad;1
archiv;1
septiembr;1
ningun;1
