Text;Size
don;1074
si;992
dijo;878
quijot;848
tan;761
sanch;691
bien;560
buen;520
caballer;507
ser;506
pues;465
aquell;443
merced;439
hacer;319
sino;318
dos;302
mal;299
aquel;297
algun;288
cosa;281
decir;275
aunqu;270
tal;256
tant;250
part;247
cura;246
pued;246
ver;244
padr;238
quier;233
lueg;232
dest;229
much;223
verdad;219
maner;213
hech;213
mas;213
puest;212
dios;205
ahor;204
vida;200
dich;199
vez;197
vist;196
tiemp;193
lugar;190
libr;190
cuant;189
mism;183
hombr;182
cos;180
primer;178
andant;177
mejor;174
cuent;171
mund;171
dar;170
amig;170
palabr;168
toda;167
tod;166
amo;162
men;161
digo;159
nuev;157
gran;155
voz;154
tierr;154
mesm;151
dese;151
camil;150
punt;149
mano;148
camin;148
casa;148
aun;147
muert;147
hizo;145
grand;144
ciel;143
lotari;142
barber;139
anselm;137
dio;133
ningun;133
dorote;131
rein;129
ojos;128
venter;128
tener;128
saber;127
escuder;125
gust;125
haber;124
panz;122
rocinant;120
fin;119
mujer;119
fernand;118
voluntad;118
vent;118
razon;117
quis;117
noch;117
parec;116
cristian;115
histori;114
aventur;112
vio;110
man;110
suel;109
amor;109
tres;107
braz;106
caball;106
hermos;104
cardeni;104
diciend;103
dell;103
fuerz;102
duda;102
nombr;101
doncell;99
luscind;99
gent;98
cabez;97
viend;96
mayor;96
person;95
ciert;94
rey;92
vos;91
cada;91
suert;90
menester;90
dulcine;90
adelant;88
junt;88
pensamient;88
memori;87
criad;87
iba;86
vino;86
entonz;85
quisier;85
dice;84
content;84
entender;84
caus;84
parecer;83
debe;82
verdader;81
famos;81
poner;81
modo;81
castill;80
cual;80
trist;80
zoraid;78
herman;77
rostr;77
hija;76
dado;76
arm;76
nunc;75
pie;75
pastor;75
oh;74
falt;74
muestr;74
va;73
medi;73
pasar;73
puert;72
puso;72
espos;72
piens;71
ir;71
hermosur;71
daba;71
dejar;71
delant;70
mala;70
salir;70
posibl;70
clar;70
discret;70
caso;70
hace;70
siempr;69
cuatr;68
mil;68
espad;68
ventur;67
encantad;67
cautiv;67
nadi;67
alma;67
sol;67
pasad;66
suces;65
poder;64
locur;64
enemig;64
gigant;64
pena;64
casi;64
pies;63
pudo;63
cabo;63
valor;62
cabrer;62
tobos;62
pech;62
tomar;61
cuerp;61
ello;61
qued;61
orden;60
desgraci;60
fama;60
mitad;60
cart;60
lengu;60
haci;60
vers;59
venir;59
semejant;59
juici;58
entendimient;58
batall;58
pudier;57
fe;57
enamorad;57
libertad;57
trabaj;57
llevar;56
haciend;56
dicen;56
volver;55
aposent;55
vestid;55
ciudad;55
escrit;54
papel;54
figur;54
boca;54
vien;54
peligr;54
buscar;53
hablar;53
prest;53
honr;53
llen;53
natural;53
manch;52
asno;52
valeros;52
mozo;52
apen;51
diner;50
renegad;50
vuelt;49
leer;49
princes;49
discurs;49
querer;49
culp;48
pensar;48
solo;48
sabi;48
esperanz;47
camp;47
cerc;46
gana;46
pensab;46
adond;46
remedi;46
llamab;46
just;46
hora;46
barb;45
dieron;45
sangr;45
pobr;45
diabl;45
creo;45
llegar;45
hicieron;44
sant;44
da;44
blanc;44
hallar;44
desdichad;44
valient;44
fortun;44
agua;44
tras;44
leonel;44
finalment;44
dije;43
letr;43
venid;43
comer;43
madr;42
loco;42
darl;42
entrar;42
sabe;42
armad;41
hijo;41
mor;41
labrador;41
principi;41
silenci;40
soldad;40
hallad;40
debaj;40
consej;40
honrad;40
principal;40
obra;40
oidor;40
mentir;40
agravi;40
prometid;39
luis;39
virtud;39
cuidad;39
conmig;39
mirar;39
cualquier;39
cuya;38
acuerd;38
dand;38
temor;38
esperar;38
cuadriller;38
dign;37
segur;37
burl;37
marid;37
espaci;37
mar;37
agor;37
veng;37
hall;36
yelm;36
provech;36
lanz;36
fuert;36
acabar;36
unas;36
real;36
guard;36
fuer;36
disparat;36
edad;36
vieron;36
paz;36
creer;36
sola;36
graci;36
hago;36
golp;35
dolor;35
dijes;35
temeros;35
mira;35
andab;35
poc;35
trat;35
traj;35
llam;35
jument;35
diz;34
barc;34
decirl;34
quedar;34
salid;34
hacen;34
rico;34
desventur;34
oro;34
par;34
carg;34
alta;34
entramb;33
pudies;33
supo;33
sierr;33
conocid;33
lej;33
guerr;33
pesadumbr;33
haberl;32
dies;32
necesidad;32
sepa;32
larg;32
acas;32
pasab;32
autor;32
perder;32
segund;32
servir;32
diligenci;32
llamad;32
llaman;32
iban;32
caer;32
llev;32
licenciad;31
pendenci;31
bondad;31
amistad;31
sentid;31
maritorn;31
sill;31
fueg;31
mied;31
quedaron;31
herid;31
verl;31
alde;31
haga;31
muchach;30
galeot;30
seis;30
obligad;30
ventan;30
lado;30
mirand;30
alcanzar;30
paso;30
human;30
servid;30
albard;30
sucedid;30
admirad;30
entiend;30
llevab;29
deseab;29
veo;29
escud;29
dier;29
derech;29
ausenci;29
suelen;29
sobresalt;29
acabad;29
enoj;29
poca;29
negoci;29
legu;29
experienci;29
peor;29
juro;29
efet;29
firm;29
dormir;29
pries;29
vies;29
favor;29
vuelv;28
contrari;28
suspir;28
hoy;28
present;28
vient;28
ley;28
toca;28
confus;28
servici;28
venganz;28
querid;28
moro;28
llegaron;28
especialment;27
conozc;27
honest;27
hij;27
arrier;27
honestidad;27
hidalg;27
andar;27
cabell;27
cort;27
pedr;27
mirad;27
pueden;27
alt;27
villan;27
glori;27
turc;26
bast;26
dentr;26
cuyo;26
marcel;26
yerb;26
vi;26
emperador;26
poet;26
ejercici;26
contad;26
consig;26
sacar;26
risa;26
efect;26
dama;26
llamar;26
ama;26
llevad;25
necesari;25
secret;25
hicier;25
di;25
quitar;25
atad;25
grandez;25
veni;25
satisfech;25
darm;25
pedaz;25
dejad;25
ingeni;25
buscand;25
dient;25
puebl;25
carn;25
deja;25
encim;24
tomad;24
van;24
negr;24
descubiert;24
grad;24
antigu;24
notici;24
fals;24
sujet;24
conocer;24
ofici;24
pusieron;24
fech;24
comedi;24
mes;24
empres;24
obr;24
presenci;24
entrad;24
suspens;24
juan;24
nacid;24
dejab;24
cabr;24
cama;24
llegad;24
moza;24
riend;24
dejand;24
pacienci;24
prestez;23
partid;23
brev;23
industri;23
respuest;23
hicies;23
piedr;23
sobrin;23
sosieg;23
acab;23
espald;23
hice;23
doce;23
seguir;23
luz;23
cruel;23
pagar;23
andad;23
atent;23
amoros;23
costumbr;23
trae;23
simpl;23
movid;23
donair;23
menesteros;23
duqu;23
call;23
viej;23
llegand;23
cerrad;23
respet;23
oyend;23
cas;23
enter;22
dam;22
hacerl;22
encantament;22
doy;22
cuern;22
licenci;22
alabanz;22
quedab;22
milagr;22
deben;22
hor;22
ruid;22
promes;22
forzos;22
jaul;22
cond;22
corral;22
verdaderament;22
dejas;22
irse;22
caden;22
pecad;22
alto;22
sab;22
vivo;22
testig;22
cuer;21
vea;21
calidad;21
sospech;21
alegr;21
mula;21
hermandad;21
imposibl;21
abaj;21
sigl;21
asimism;21
mostrab;21
quej;21
celad;21
soledad;21
perdid;21
pregunt;21
ganad;21
pas;21
hallaron;21
procur;21
ajen;21
infant;21
responder;21
traidor;21
tendid;21
cant;21
facilidad;21
igual;21
pide;20
mient;20
llorar;20
linaj;20
voy;20
hambr;20
gaul;20
sentimient;20
quisies;20
instant;20
haz;20
rueg;20
extrem;20
parar;20
molid;20
escondid;20
oyeron;20
bastant;20
sonet;20
ayud;20
coch;20
ejempl;20
castellan;20
viaj;20
mont;20
llevan;19
moment;19
limpi;19
creyend;19
veint;19
novel;19
adarg;19
contar;19
gentil;19
vinies;19
echar;19
caminant;19
justici;19
jurament;19
moz;19
preguntar;19
galer;19
cubiert;19
pude;19
esperand;19
pal;19
pan;19
riquez;19
acudir;19
bajel;19
encantador;19
ferid;19
mora;19
fermos;19
bellez;18
guardar;18
advertid;18
hacers;18
uso;18
dijer;18
propi;18
intent;18
seri;18
camis;18
leandr;18
sosegad;18
artifici;18
hallab;18
ruci;18
iglesi;18
mandad;18
vienen;18
molin;18
lech;18
alforj;18
mire;18
merec;18
dichos;18
mul;18
jaez;18
acertad;18
escribir;18
ofrecimient;18
usar;18
correr;18
pasaron;18
cuentan;18
comenzad;18
ric;18
vive;18
faltar;18
subir;18
salv;17
flor;17
anda;17
respond;17
cuy;17
desesperad;17
penitenci;17
dan;17
caminar;17
andaban;17
vim;17
estil;17
estim;17
quieren;17
piern;17
cuell;17
ay;17
pensad;17
quedad;17
apart;17
buey;17
levantad;17
alcanz;17
compuest;17
llevaban;17
vaya;17
escuchand;17
concienci;17
sirv;17
siquier;17
pres;17
recat;17
mambrin;17
sepultur;17
asimesm;17
desdich;17
amant;17
descuid;17
verd;17
casad;17
azot;17
pedir;17
general;17
esper;17
carr;17
san;17
abiert;17
cel;16
bellac;16
pasamont;16
cuest;16
yerm;16
diez;16
diga;16
decirs;16
agradabl;16
menor;16
quitad;16
busc;16
olvid;16
recebid;16
estrell;16
parecerl;16
necedad;16
ordinari;16
matar;16
naturalez;16
femand;16
veas;16
pesar;16
comenzaron;16
solament;16
mentiros;16
camarad;16
aventurer;16
tard;16
micomicon;16
ignorant;16
vier;16
ambrosi;16
continu;16
rodill;16
amad;16
piez;15
fantasm;15
pecador;15
curios;15
cansad;15
baja;15
manifiest;15
poners;15
ponerl;15
mand;15
acomodad;15
poderos;15
argel;15
serl;15
arte;15
bland;15
pone;15
pong;15
acometer;15
prueb;15
echad;15
comodidad;15
vall;15
desmayad;15
habland;15
pusies;15
ligerez;15
prend;15
desnud;15
determinad;15
rica;15
acertar;15
mandamient;15
daga;15
torment;15
sombr;15
cost;15
aire;15
impertinent;15
arroy;15
tall;15
arrib;15
mover;15
vecin;15
cumplir;15
llegab;15
habl;15
d;14
imaginar;14
tampoc;14
ponerm;14
mant;14
habers;14
rendid;14
pierd;14
plaz;14
cuchillad;14
rescat;14
ah;14
brevedad;14
salud;14
leyend;14
rato;14
ausent;14
vasall;14
fuent;14
menud;14
voto;14
tomand;14
atrevid;14
asid;14
bell;14
ido;14
desaforad;14
tuert;14
estrech;14
espant;14
promet;14
estudiant;14
siti;14
lela;14
quit;14
pago;14
furi;14
perjuici;14
particular;14
pasa;14
importanci;14
sabid;14
maravill;14
redond;14
vencedor;14
alient;14
talant;14
color;14
cortesan;14
treint;14
pintad;14
pensativ;14
orej;14
sufrir;14
vencid;14
disculp;14
liger;14
pasaban;14
esperab;14
conocimient;14
arzobisp;14
acerc;14
fier;14
dejaron;14
ocho;14
juntament;14
bosqu;14
dulc;14
duro;14
defens;14
imagin;14
faltab;14
diferent;14
costill;13
coron;13
guardad;13
hart;13
despech;13
roto;13
encin;13
amenaz;13
consuel;13
deb;13
volvies;13
hacerm;13
podid;13
vam;13
supies;13
grav;13
import;13
desenvoltur;13
tercer;13
pudieron;13
llegu;13
quedan;13
accident;13
hierr;13
repos;13
infinit;13
cien;13
cinc;13
sevill;13
remo;13
manceb;13
terribl;13
gallard;13
entendid;13
leal;13
pared;13
avis;13
sacad;13
desmay;13
jornad;13
humor;13
pagad;13
probar;13
tiern;13
frail;13
apries;13
infiern;13
volvers;13
perl;13
parecid;13
suceder;13
tranc;13
inconvenient;13
fortalez;13
atrevimient;13
agujer;13
espej;13
agu;13
acostumbrad;13
tratar;13
cantidad;13
mortal;13
flac;13
concertad;13
miserabl;13
casars;12
coz;12
ingrat;12
rigor;12
conform;12
trech;12
supier;12
indici;12
ves;12
curiosidad;12
golet;12
continent;12
hues;12
dime;12
ve;12
durmiend;12
cobard;12
entretener;12
sient;12
mesa;12
adviert;12
negar;12
encerrad;12
profund;12
vinier;12
tocar;12
vivir;12
hilo;12
hereder;12
ansimesm;12
desatin;12
divers;12
mostrar;12
movimient;12
escritur;12
lueng;12
fermosur;12
vela;12
dall;12
puse;12
instrument;12
parecen;12
venturos;12
colgad;12
prudent;12
divin;12
lleg;12
cumplid;12
socorr;12
cruz;12
sacarl;12
franci;12
deshonr;12
sale;11
sala;11
dificultos;11
suelt;11
cuart;11
gozar;11
escuchad;11
daban;11
prudenci;11
respondies;11
viv;11
llevand;11
constantinopl;11
pierr;11
plac;11
mientr;11
decill;11
favorecer;11
hallazg;11
ayudar;11
ocios;11
muel;11
ventaj;11
levantar;11
suplic;11
vivald;11
condad;11
carrer;11
entraron;11
frut;11
disparatad;11
referid;11
liberalidad;11
joy;11
honros;11
zagal;11
lastimad;11
joya;11
estimar;11
prad;11
monesteri;11
estruend;11
persuadir;11
palm;11
pard;11
encuentr;11
aguardar;11
jurar;11
lienz;11
torn;11
caballeriz;11
usad;11
despoj;11
imitar;11
lind;11
salies;11
pen;11
seguridad;11
tenerl;11
descubr;11
qeu;11
salieron;11
morir;11
quijad;11
buscarl;11
averiguad;11
envidi;11
asperez;11
llan;11
and;11
malet;11
cara;11
ovej;11
dijeron;11
turb;10
llevas;10
sano;10
desear;10
dificultad;10
imaginab;10
compadr;10
dej;10
den;10
mercader;10
cuit;10
alzand;10
ilustr;10
valer;10
llevarl;10
yend;10
hallarl;10
hallars;10
decidm;10
estrib;10
grit;10
dieg;10
volviend;10
quedas;10
adorn;10
deshor;10
solicitud;10
tomarl;10
cobrar;10
coloqui;10
ruin;10
crueldad;10
mandab;10
peligros;10
descomunal;10
izquierd;10
luna;10
vale;10
sigu;10
tocab;10
gracios;10
poniend;10
desden;10
parab;10
gobernador;10
sentad;10
mostrad;10
hablab;10
hablad;10
propus;10
beber;10
letrad;10
duerm;10
paga;10
escogid;10
fiest;10
pase;10
romanc;10
quitarl;10
billet;10
tome;10
regal;10
soberbi;10
ayer;10
procurar;10
viesen;10
quemar;10
nobl;10
demoni;10
casar;10
corr;10
pedid;10
fatig;10
liberal;10
satisfacer;10
pele;10
proseguir;10
traz;10
miras;10
temer;10
trig;10
maestr;10
rodel;10
simplicidad;10
comisari;10
quienquier;10
anc;10
llant;10
improvis;10
imagen;10
mostrars;10
curar;10
sal;10
debo;10
rogar;10
faltad;10
desa;10
pobrez;10
abrazar;10
hach;10
pido;9
salari;9
cid;9
espuel;9
cantab;9
pasatiemp;9
manad;9
cabestr;9
escopet;9
escuchab;9
fuertement;9
ven;9
callab;9
callar;9
pudieran;9
cuerd;9
rabi;9
huir;9
greci;9
do;9
bachiller;9
siguient;9
quisieron;9
plum;9
mancheg;9
seco;9
medros;9
etern;9
castigar;9
labi;9
muer;9
aren;9
ordenad;9
debid;9
batan;9
soltar;9
convien;9
difunt;9
encubrir;9
bendit;9
morisc;9
recebir;9
error;9
materi;9
mandar;9
habilidad;9
olor;9
contig;9
oblig;9
esclav;9
castig;9
sabiend;9
detuv;9
prosigu;9
forzad;9
delicad;9
vano;9
siet;9
riguros;9
contand;9
maldicion;9
vengar;9
ques;9
abriend;9
arrogant;9
premi;9
saben;9
defender;9
recibid;9
vulg;9
andan;9
gentilez;9
non;9
risc;9
procurab;9
parient;9
pudiend;9
levantars;9
corrid;9
esfuerz;9
cola;9
dart;9
razonabl;9
pro;9
tabl;9
incomparabl;9
laberint;9
sandez;9
hagan;9
traen;9
derribad;9
apacibl;9
comid;9
encant;9
turbad;9
duel;9
atentament;9
descans;9
alm;9
admirar;9
zapat;9
vine;9
cometid;9
tristez;9
viud;9
dedo;9
amar;9
volvieron;9
abrazad;9
posad;9
oscur;9
maldit;9
salg;8
ofrec;8
vinieron;8
temo;8
ladron;8
lunar;8
maes;8
malo;8
escuchar;8
entrand;8
doloros;8
olvidad;8
hacell;8
mata;8
vee;8
alcuz;8
podem;8
librill;8
oyes;8
sustentar;8
neci;8
remediar;8
estac;8
supe;8
cansanci;8
rara;8
diamant;8
parezc;8
muev;8
quietud;8
lago;8
bult;8
reposad;8
enan;8
tint;8
cienci;8
peregrin;8
mirarl;8
letur;8
acabab;8
acabas;8
hoj;8
rued;8
determinaron;8
cieg;8
nieg;8
clori;8
calland;8
pasas;8
demasiad;8
repuest;8
perpetu;8
humild;8
enfermedad;8
leerl;8
grieg;8
excusar;8
pedirl;8
prosiguiend;8
sabidor;8
buscab;8
candil;8
menoscab;8
vais;8
sentenci;8
confies;8
dorad;8
agradecid;8
llamars;8
sustent;8
frances;8
ocupad;8
licor;8
miraban;8
clavij;8
ceremoni;8
padec;8
sabor;8
contorn;8
desaguisad;8
patri;8
sabed;8
deshech;8
aparienci;8
recad;8
deshacer;8
encantamient;8
conciert;8
recib;8
cumpl;8
descuidad;8
toma;8
moren;8
torr;8
toqu;8
usan;8
veis;8
tuvier;8
alejandr;8
acabaron;8
principalment;8
felic;8
nariz;8
tient;8
precios;8
asalt;8
malici;8
dondequier;8
pura;8
maravillos;8
confianz;8
venim;8
mirab;8
osun;8
esperad;8
consider;8
desiert;8
ganar;8
pollin;8
subieron;8
maltrech;8
entretenimient;8
compr;8
traer;8
imperi;8
aficionad;8
quebrantad;8
blasfemi;8
dejaban;8
embust;8
rar;8
ray;8
air;8
cebad;8
testament;8
toled;8
salteador;8
fresc;8
apartad;8
deje;8
dejo;8
dejarl;8
cinch;8
despiert;8
deso;8
servirl;8
entierr;8
pretend;7
casarm;7
maldad;7
saqu;7
ropa;7
asturian;7
alborotad;7
desead;7
comprar;7
alcornoqu;7
encaj;7
mantu;7
imaginad;7
piados;7
deseos;7
espantad;7
des;7
dim;7
aciert;7
usa;7
ofrecer;7
bajo;7
enferm;7
dur;7
declarab;7
mans;7
bard;7
afligid;7
tomas;7
casamient;7
vid;7
detener;7
cena;7
yerr;7
tesor;7
venider;7
amarill;7
alborot;7
hurt;7
ea;7
traerl;7
matrimoni;7
diol;7
decirt;7
escrib;7
desigual;7
quedam;7
siguies;7
castigad;7
send;7
anoch;7
incomodidad;7
hablarl;7
miembr;7
quitan;7
lorenz;7
despaci;7
sucedies;7
circunstant;7
socorrer;7
hil;7
costal;7
entr;7
fren;7
guis;7
diesen;7
llamaban;7
agradezc;7
conced;7
denued;7
amadis;7
corriend;7
vuelven;7
gonzal;7
demand;7
compus;7
mantel;7
emplead;7
rest;7
enterez;7
contarl;7
tocad;7
llamand;7
viern;7
fatigab;7
tocant;7
alcanzad;7
encendid;7
hablas;7
propri;7
quinc;7
misericordi;7
ampar;7
tronc;7
tornaron;7
criatur;7
endiablad;7
preci;7
conocieron;7
quedaban;7
preguntad;7
recibir;7
mudanz;7
comedimient;7
puntualidad;7
pagan;7
morat;7
almohad;7
humildad;7
infam;7
hircani;7
gitan;7
aderezad;7
anduv;7
merecid;7
vete;7
provinci;7
caber;7
ora;7
puta;7
come;7
puro;7
siguieron;7
encierr;7
tardanz;7
quejars;7
pid;7
veran;7
componen;7
noblez;7
encomendars;7
desagradecid;7
juez;7
conoc;7
acontecid;7
suceden;7
inclinad;7
sabros;7
encaminar;7
vituperi;7
lealtad;7
consist;7
andand;7
fingid;7
rat;7
averiguar;7
suced;7
comenzab;7
espantabl;7
enviad;7
escuch;7
benefici;7
agi;7
yace;7
lumbr;7
alba;7
malez;7
mold;7
cast;7
tratab;7
tratan;7
faltan;7
digan;7
comenzar;7
delit;7
cae;7
clarament;7
guardab;6
achaqu;6
hideput;6
permit;6
anch;6
piqu;6
prosupuest;6
advertir;6
cintur;6
apartars;6
furios;6
volviesen;6
ansi;6
dad;6
cantar;6
ded;6
regocij;6
volvier;6
dig;6
sudor;6
gobernar;6
bronc;6
tomab;6
aquest;6
vas;6
carner;6
sirven;6
considerand;6
mezcl;6
acogimient;6
recogiend;6
yegu;6
encamisad;6
estars;6
huec;6
representan;6
plat;6
aument;6
historiador;6
archiv;6
gala;6
gobiern;6
extremadur;6
pensas;6
cartapaci;6
segurament;6
singular;6
inaudit;6
considerar;6
hamet;6
saliend;6
seno;6
embuster;6
miseri;6
contienen;6
agramant;6
lana;6
tragedi;6
alcaid;6
duermen;6
alzar;6
enfad;6
ganader;6
quebrad;6
razonamient;6
descontent;6
imaginand;6
polv;6
ducad;6
prometer;6
fast;6
misteri;6
menguad;6
aguard;6
respondell;6
hubier;6
enmiend;6
gargant;6
regl;6
sacerdot;6
consolar;6
mantead;6
espacios;6
perdonar;6
buscas;6
sentir;6
estotr;6
rodrig;6
ricard;6
epitafi;6
acaband;6
estimad;6
llamarl;6
asegurar;6
torcid;6
poblad;6
quint;6
vengad;6
contentar;6
lea;6
muriend;6
aprovechar;6
argamasill;6
borrasc;6
desventurad;6
comienz;6
indi;6
malandrin;6
celos;6
animal;6
dudos;6
revuelt;6
cubrir;6
vuel;6
perdon;6
acontecimient;6
abrir;6
ofender;6
agud;6
tono;6
pasand;6
honor;6
rind;6
pensaban;6
pidiend;6
merecen;6
designi;6
vencimient;6
ignoranci;6
vender;6
amarg;6
vean;6
veam;6
pesad;6
ginesill;6
venc;6
consient;6
valenci;6
notori;6
romper;6
metid;6
deseaban;6
apriet;6
insolenci;6
descubrir;6
queriend;6
vencer;6
dars;6
parecies;6
cors;6
antoj;6
sepan;6
nort;6
huyend;6
profesan;6
azul;6
osab;6
poderl;6
generos;6
perr;6
rescatad;6
calzon;6
sobr;6
dejan;6
hond;6
reliqui;6
recogid;6
encaminad;6
truj;6
abundanci;6
quitaron;6
desposori;6
torralv;6
buscall;6
cristal;6
causar;6
dormid;6
bastab;6
ram;6
profes;6
espes;6
rem;6
encaminaban;6
levant;6
deshonrad;6
turbar;6
trujeron;6
desnudez;6
concedid;6
amb;6
truec;6
cans;6
ponell;6
dura;6
quedars;6
contien;6
llegaban;6
cerrar;6
deleitar;6
llegam;6
llegas;6
sed;6
sep;6
brevement;6
extremad;6
dejall;6
acomodars;6
dijesen;6
rogad;6
despoblad;6
dejarm;6
pandafiland;6
ten;5
tem;5
cej;5
derrot;5
pila;5
remot;5
resucitar;5
docient;5
recogimient;5
boyer;5
desesperab;5
hiciesen;5
debieron;5
nube;5
caminab;5
nudo;5
brav;5
lucient;5
llorab;5
sabers;5
altez;5
fementid;5
embestir;5
aparej;5
puent;5
mari;5
mate;5
rogaron;5
indign;5
finez;5
acrecentar;5
juzgad;5
juzgar;5
notad;5
regalad;5
recatad;5
esforzad;5
vicent;5
canall;5
aldonz;5
echaron;5
gremi;5
huel;5
aprovechars;5
manchad;5
representar;5
hallast;5
huid;5
claridad;5
asient;5
roncesvall;5
dian;5
humo;5
feo;5
contrahech;5
fil;5
fond;5
importab;5
diciplinant;5
perezos;5
quisieren;5
gato;5
decirm;5
raya;5
siguiend;5
placer;5
dist;5
levantaron;5
so;5
pudiesen;5
inviern;5
salen;5
invencion;5
arrepentid;5
barbad;5
seso;5
excus;5
lastimer;5
alzaron;5
quitab;5
reposar;5
requiebr;5
hincar;5
hag;5
alcanc;5
confirmar;5
imposibilidad;5
pasajer;5
dieran;5
triunf;5
solicitad;5
voland;5
tirant;5
bebe;5
coronad;5
acudieron;5
cincuent;5
galaor;5
hallas;5
advirties;5
entretenid;5
nacion;5
sierp;5
defenderm;5
trasladar;5
carret;5
creyes;5
cide;5
fald;5
oler;5
perfect;5
niev;5
nombrar;5
favorabl;5
polo;5
majader;5
cosari;5
cima;5
ira;5
quejar;5
pozo;5
correspond;5
reci;5
descubrieron;5
serpient;5
gustar;5
temier;5
leell;5
llamaron;5
rent;5
partirs;5
babiec;5
lanzarot;5
entremet;5
amancebad;5
inventor;5
amanecer;5
vomitar;5
decor;5
estrechament;5
decid;5
alivi;5
agraviad;5
ador;5
caminaban;5
estorbarl;5
tajad;5
vari;5
coyuntur;5
cogid;5
responderl;5
viven;5
parad;5
imposibilitad;5
cient;5
estimab;5
caminand;5
alcurni;5
sentar;5
rosari;5
avin;5
redom;5
desvariad;5
descubrirs;5
molimient;5
leyes;5
convertid;5
besar;5
perseguid;5
capitan;5
podrid;5
afirmar;5
seguid;5
emperatriz;5
dobl;5
prim;5
esperaban;5
ocasion;5
conducid;5
pros;5
gastar;5
medicin;5
liter;5
escoger;5
pati;5
aguardas;5
reverenci;5
pusier;5
jurad;5
habed;5
enjaulad;5
ofrezc;5
titul;5
conseguir;5
suspirar;5
sobrenombr;5
pusiesen;5
quitarm;5
quitart;5
mod;5
cortad;5
retrat;5
empach;5
vitori;5
determinab;5
delincuent;5
accion;5
despedirs;5
vestir;5
apellid;5
autoridad;5
ovill;5
eche;5
echa;5
pensand;5
codicios;5
bernard;5
apears;5
modern;5
nub;5
probas;5
pesab;5
diferenci;5
alcahuet;5
fingiend;5
vell;5
cantand;5
encontrar;5
apetit;5
carpi;5
dada;5
concluy;5
ojo;5
enojad;5
representant;5
buenament;5
descubries;5
darn;5
lasciv;5
oye;5
prevencion;5
cuarent;5
pidies;5
victori;5
perdies;5
turquesc;5
templ;5
bocad;5
estorbar;5
mudar;5
mudad;5
lamentabl;5
procurand;5
guijarr;5
conoz;5
burlad;5
acent;5
llover;5
estrechez;5
sagacidad;5
intencionad;5
traig;5
bajar;5
puedan;5
librar;5
aceit;5
conocier;5
espinaz;5
majad;5
estudi;5
debier;5
dejasen;5
solicit;5
vengars;5
sacand;5
usanz;5
satisfag;5
verdug;5
pentapolin;5
benengeli;5
enviar;5
furibund;5
cree;5
llav;5
cesab;5
alas;5
antifaz;5
caja;5
ademan;5
agradecimient;5
adherent;5
case;5
llegasen;5
llor;5
quimer;5
manteamient;5
entretant;5
nacimient;5
viva;5
apartar;5
frent;5
faltas;5
acaecimient;5
subid;5
condenad;5
comedid;5
temiend;5
rode;5
descomulgad;5
quilat;5
trabad;5
confesar;5
pida;4
calabazad;4
remat;4
guardan;4
golf;4
piel;4
salt;4
roma;4
sana;4
monstru;4
quisiesen;4
lleven;4
vobis;4
invencibl;4
piden;4
gravedad;4
hase;4
sarn;4
ande;4
rota;4
gota;4
gemid;4
deseam;4
sayo;4
saya;4
libertador;4
escrutini;4
desean;4
ofrecies;4
entregad;4
entregar;4
comuniqu;4
bellot;4
prender;4
siguen;4
tela;4
doming;4
murmurand;4
hacert;4
bonitament;4
cayes;4
cayer;4
parader;4
cuev;4
desconocid;4
comunicar;4
borric;4
saberl;4
sufrimient;4
portugal;4
acordam;4
acordab;4
anill;4
cupo;4
igualar;4
declaras;4
banc;4
ofrecid;4
mang;4
areng;4
barr;4
acomodar;4
conocerl;4
vay;4
sustentad;4
oyer;4
andantesc;4
consentir;4
haberm;4
vot;4
levantaban;4
apretar;4
celo;4
apretad;4
aprovech;4
menudenci;4
trataban;4
cuerv;4
suav;4
cetr;4
apol;4
vistos;4
viser;4
representad;4
hallarm;4
trescient;4
reventar;4
deshonest;4
enjalm;4
rale;4
visit;4
intencion;4
majestad;4
librement;4
oigo;4
inglaterr;4
gast;4
fosc;4
repentin;4
corresponder;4
rabel;4
aconsejab;4
desfacedor;4
desposad;4
alquiler;4
deshiz;4
ta;4
sect;4
gal;4
despavorid;4
queden;4
grues;4
demasiadament;4
ayudas;4
selv;4
bigot;4
aquil;4
ardient;4
tagarin;4
imitand;4
cancion;4
encadenad;4
particularment;4
imitarl;4
levantas;4
ordenar;4
maravillad;4
caballeresc;4
arma;4
musl;4
olfat;4
religios;4
solicitar;4
tiro;4
setent;4
golpear;4
pelot;4
mengu;4
alzad;4
embajad;4
forzosament;4
recibieron;4
tinacri;4
vision;4
univers;4
intricad;4
hallam;4
hallan;4
choz;4
comieron;4
emboz;4
arrimad;4
defenders;4
granad;4
movieron;4
cabalgadur;4
contravenir;4
mojicon;4
socorries;4
impediment;4
extranjer;4
niet;4
nombrad;4
negas;4
fronter;4
trocad;4
prometen;4
ninf;4
cint;4
amador;4
harem;4
ministr;4
flaquez;4
corrient;4
movers;4
gurap;4
recu;4
rect;4
contas;4
contab;4
jinet;4
parecerm;4
pendient;4
capaz;4
acto;4
niegu;4
reja;4
seman;4
descompuest;4
fueren;4
armini;4
desnudars;4
adelantad;4
confiad;4
naturalment;4
plant;4
tratamient;4
ensalad;4
otorg;4
llevaron;4
cayeron;4
profetizad;4
conocem;4
aconsej;4
apear;4
itali;4
lament;4
sigo;4
cuchill;4
desembarazad;4
viniend;4
jorg;4
injuri;4
varg;4
atrev;4
salamanc;4
decenci;4
inventaron;4
confirm;4
hembr;4
viedm;4
coger;4
pescador;4
cuadrill;4
segovi;4
collar;4
agradecer;4
oracion;4
testimoni;4
circunvecin;4
firmez;4
alcanzab;4
informad;4
tirab;4
sacab;4
quiet;4
agraciad;4
ofrecieron;4
refrieg;4
celebrad;4
desalmad;4
leyer;4
beben;4
besab;4
besad;4
haced;4
ponen;4
deteners;4
ginebr;4
tomaron;4
fuga;4
quem;4
cordur;4
lee;4
deshonestidad;4
besti;4
baldovin;4
paja;4
precis;4
palo;4
encrucijad;4
pertrech;4
infinidad;4
envuelt;4
mill;4
direm;4
ayudarl;4
comiend;4
despertad;4
habem;4
despertar;4
alcanzarl;4
derramand;4
mat;4
maz;4
encubiert;4
sabem;4
maldiciend;4
velar;4
docen;4
lenguaj;4
moned;4
angusti;4
encubr;4
recel;4
monarc;4
cortes;4
encuentran;4
bogaban;4
preguntan;4
preguntas;4
peleand;4
concernient;4
mahom;4
riber;4
anchur;4
dignidad;4
elisabat;4
encierran;4
cuatrocient;4
alifanfaron;4
soberan;4
prosig;4
rolliz;4
pensarl;4
parecieron;4
probad;4
endriag;4
sonab;4
fulan;4
alons;4
procuras;4
cirongili;4
franc;4
aborrecid;4
soltall;4
vert;4
juntars;4
cobr;4
libranz;4
ingratitud;4
dolient;4
fidelidad;4
levantarl;4
convidab;4
redundar;4
aporread;4
calamidad;4
pulg;4
palmad;4
sufrid;4
tardar;4
tardad;4
enlutad;4
denant;4
quererl;4
acabasen;4
liga;4
copl;4
puto;4
sinrazon;4
ansimism;4
ingenios;4
salier;4
ocult;4
aguardaban;4
leyeren;4
poders;4
encoger;4
permities;4
verem;4
solloz;4
entreg;4
servill;4
pein;4
proceder;4
mallorc;4
pelo;4
admiraron;4
gananci;4
envidios;4
encomendarm;4
hallaban;4
trag;4
reparab;4
admitid;4
peso;4
pese;4
acontecer;4
vengativ;4
turbamult;4
tenerm;4
presupuest;4
ganas;4
deleit;4
soez;4
desembarcad;4
dejam;4
comen;4
fiel;4
llamas;4
trot;4
alrededor;4
medianer;4
pergamin;4
extraordinari;4
galop;4
arroj;4
tapiz;4
austri;4
desinteresad;4
causab;4
causad;4
atentad;4
artificios;4
mejill;4
respondid;4
compostur;4
despojaron;4
innumerabl;4
truchuel;4
cansars;4
conserv;4
compasiv;4
alumbr;4
comenzam;4
sutil;4
reinald;4
usand;4
reducir;4
querem;4
imaginacion;4
guardarm;4
nace;4
vayan;4
dijist;4
descalz;4
desviad;4
calz;4
polvared;4
palaci;4
admirab;4
ave;4
sobajad;4
saliesen;4
ardit;4
tratad;4
escribirl;4
llegan;4
cava;4
cumplies;4
caza;4
pedrad;4
beb;4
pajar;4
robador;4
deis;4
riesg;4
encarecerl;4
puntualment;4
extender;4
mezclad;4
estanci;4
requier;4
descaminad;4
facilitar;4
redund;4
deud;4
saco;4
dijeren;4
amos;4
roca;4
advertimient;4
tiniebl;4
flem;4
cam;4
can;4
melindros;4
echand;4
guardas;3
llevam;3
corrill;3
obedecerl;3
creerl;3
concertaron;3
descansad;3
capill;3
hato;3
pidieron;3
manjar;3
blancur;3
compatriot;3
gord;3
sarr;3
toc;3
pint;3
despens;3
alborotar;3
coraj;3
anex;3
trayend;3
anej;3
obedecell;3
cre;3
destrez;3
persiguen;3
ofrecier;3
venecian;3
pellic;3
apartarm;3
delanter;3
esconders;3
pongan;3
das;3
corre;3
imaginam;3
entienden;3
apasionad;3
teni;3
guarden;3
faltaran;3
cuan;3
impres;3
hacern;3
entendies;3
resplandor;3
llorad;3
fiambr;3
escuderil;3
advers;3
partir;3
latin;3
descubriend;3
murall;3
picad;3
lodo;3
acordar;3
bald;3
bala;3
gozan;3
dud;3
oloros;3
cure;3
escond;3
propiedad;3
toman;3
mana;3
lope;3
saltar;3
marr;3
bogar;3
tinter;3
buscaban;3
entendiend;3
puerc;3
sudab;3
corchuel;3
hicieran;3
cabecer;3
juzgu;3
vil;3
crecid;3
felixmart;3
notab;3
igualars;3
afect;3
prision;3
insigni;3
abism;3
persuadiend;3
ester;3
callad;3
llevast;3
ojeriz;3
destruir;3
necesitad;3
sube;3
urgand;3
cerd;3
entremeters;3
miguel;3
cantill;3
rendir;3
rabo;3
representab;3
sufr;3
hicist;3
topad;3
suen;3
topar;3
llevall;3
desamparad;3
desamparar;3
play;3
escur;3
faz;3
montemayor;3
quisieran;3
futur;3
suma;3
rumor;3
desenvainad;3
pleg;3
establ;3
merecedor;3
halland;3
donos;3
habeis;3
escot;3
galg;3
siniestr;3
calient;3
encubrirl;3
aques;3
corredor;3
avisar;3
remediall;3
avisad;3
disimular;3
huye;3
form;3
raso;3
portal;3
depar;3
titubear;3
platir;3
eternament;3
alcanzaron;3
concluir;3
sobrescrit;3
considerad;3
perderl;3
perders;3
estorbaran;3
consideras;3
malparad;3
salim;3
satisfacerl;3
dilat;3
chimene;3
follon;3
sestear;3
desfacer;3
aborrezc;3
cautiveri;3
prevenir;3
zapatet;3
mansedumbr;3
ordenab;3
sargel;3
costos;3
arroganci;3
cuitad;3
quitas;3
huirs;3
muro;3
cervant;3
conduc;3
tigr;3
reposab;3
solter;3
socorrid;3
liviandad;3
desastrad;3
confirmad;3
abrasad;3
horadad;3
repliqu;3
tira;3
retenci;3
entretenerl;3
atreven;3
resist;3
asaz;3
romer;3
chic;3
ignorar;3
arrepentimient;3
paciend;3
milagros;3
desconsolad;3
ingalaterr;3
parentel;3
demostracion;3
esquif;3
esquiv;3
opres;3
calde;3
errad;3
piensan;3
sentars;3
supieron;3
cobrad;3
siest;3
rubi;3
ensillas;3
ensillar;3
reprehendid;3
cubrirs;3
parasism;3
justament;3
imaginars;3
centinel;3
recompens;3
sucedieron;3
benit;3
exced;3
deteng;3
detene;3
roman;3
nombrab;3
pomp;3
salgan;3
salgam;3
oliv;3
enderezar;3
olla;3
trapisond;3
mandas;3
post;3
quinient;3
semej;3
quejab;3
trocar;3
ciudadan;3
moverl;3
madur;3
acuerdan;3
pertinaz;3
florest;3
quiebr;3
armar;3
pasam;3
vuelvan;3
novedad;3
sosiegu;3
escusad;3
encerrar;3
encerrab;3
conjetur;3
terciopel;3
desatinad;3
montiel;3
gustos;3
mader;3
trecient;3
equivalent;3
prosiguen;3
rencuentr;3
paraban;3
oscuridad;3
forzar;3
acomodaron;3
usurpad;3
colmad;3
apead;3
basilisc;3
vientr;3
urgent;3
hier;3
semblant;3
honrab;3
afortunad;3
total;3
enterad;3
luto;3
precept;3
sentaron;3
vara;3
infier;3
interes;3
sinties;3
desatar;3
desasosieg;3
toser;3
lazad;3
responderm;3
medianament;3
cierr;3
baldon;3
entrasen;3
tirad;3
parid;3
fatigad;3
candad;3
faltaban;3
mostras;3
maltratan;3
hablan;3
descubrirl;3
conservar;3
ensartand;3
replicar;3
embrazand;3
lad;3
ejercitan;3
ejercitad;3
vengan;3
resuelt;3
contentad;3
estirars;3
castigall;3
doct;3
socorrerl;3
absort;3
mejorad;3
versad;3
apostur;3
trasluc;3
acariciar;3
aprovechab;3
paje;3
fund;3
realment;3
lob;3
loc;3
lom;3
gastad;3
miel;3
papa;3
destruirm;3
jayan;3
despreci;3
dote;3
aguardab;3
past;3
cesaban;3
brebaj;3
aborrec;3
dudar;3
antequer;3
misa;3
ballest;3
despertab;3
devot;3
restituy;3
arrojab;3
seguill;3
descargar;3
trujes;3
trujer;3
valencian;3
alojad;3
volved;3
alojab;3
reverend;3
enjut;3
volvam;3
premiar;3
quitars;3
cuartel;3
recet;3
encerramient;3
afrent;3
cortez;3
mudabl;3
quitall;3
mud;3
mus;3
calder;3
ofendid;3
escriben;3
escriban;3
reciben;3
derramad;3
ricament;3
determinam;3
ausentars;3
congoj;3
morad;3
recuest;3
hechicer;3
despedirm;3
pagab;3
tomo;3
visitar;3
supim;3
tont;3
medid;3
andam;3
abran;3
inclemenci;3
malicios;3
excelenci;3
intentar;3
esenci;3
distintament;3
pasarl;3
usab;3
rocin;3
herir;3
recogies;3
acordarm;3
anochecer;3
consintier;3
circunstanci;3
cabizbaj;3
cenaron;3
cosech;3
advirtieron;3
procuran;3
soltars;3
ahorrar;3
desechar;3
guiand;3
pintar;3
imitad;3
rodead;3
codici;3
malign;3
origen;3
rompid;3
amenazab;3
quemad;3
porfiar;3
fielment;3
monter;3
dadm;3
provechos;3
corred;3
corren;3
cofr;3
querell;3
centr;3
tardab;3
robar;3
robad;3
sesent;3
descubrim;3
dame;3
zanc;3
cabal;3
parecier;3
sepam;3
zaqu;3
fraud;3
florenci;3
largament;3
encarecer;3
faltand;3
dividid;3
arrancab;3
atienden;3
atender;3
paj;3
temid;3
list;3
parapill;3
osar;3
vered;3
osad;3
significativ;3
entras;3
entram;3
asegur;3
huelen;3
diligent;3
ejercitand;3
pon;3
repitiend;3
subiend;3
proseguid;3
pusim;3
jueg;3
sacasen;3
impertinenci;3
detestabl;3
miran;3
pesa;3
hecim;3
murmur;3
esperan;3
afincamient;3
quitaran;3
despojad;3
soga;3
tramp;3
trip;3
fiar;3
represent;3
imaginaron;3
purgatori;3
irme;3
llamam;3
holand;3
idiot;3
bajas;3
candeal;3
gastador;3
bander;3
embaraz;3
guillerm;3
replicarl;3
sord;3
quebrantamient;3
fino;3
menear;3
trabajar;3
rodad;3
belianis;3
toquen;3
acreditar;3
hallaran;3
sobremaner;3
acosad;3
arabi;3
rencor;3
ocup;3
aguilar;3
venist;3
dejem;3
traci;3
fingir;3
vengarm;3
ras;3
isla;3
cautivaron;3
escuel;3
enviab;3
melindr;3
envias;3
magnificenci;3
bautism;3
discordi;3
quitasol;3
alabad;3
cabe;3
alabar;3
requieren;3
guardars;3
cred;3
crec;3
embozad;3
caen;3
caig;3
rot;3
sobresaltad;3
guardand;3
moho;3
cumplirl;3
subies;3
asn;3
desvalid;3
dure;3
delgad;3
margen;3
notabl;3
monj;3
ardor;3
caro;3
carl;3
suplicab;3
vill;3
disigni;3
bota;3
cuadr;3
cata;3
deleitan;3
nave;3
curad;3
viol;3
mostraron;3
rogarl;3
respir;3
antoni;3
advertenci;3
escribies;3
nigromant;3
aliviad;3
digam;3
bod;3
resistir;3
homicid;3
dejars;3
dejart;3
barrunt;3
gozand;3
ficieron;3
mezquin;3
carecen;3
pagarl;3
amenazand;3
guerrer;3
ranch;3
aguardand;3
desnudar;3
saltand;3
graduad;3
moliner;3
sacr;3
saca;3
menospreci;3
naveg;3
livian;3
detuvieron;3
defraudad;3
curars;3
car;3
trompet;3
concertab;3
roja;2
guardi;2
imperfect;2
rodearon;2
darinel;2
ronc;2
dijol;2
tir;2
tropiec;2
incitad;2
incitan;2
resolut;2
conociend;2
suegr;2
garci;2
parezcan;2
apearon;2
manteador;2
soplar;2
concluyes;2
hasm;2
sart;2
anal;2
triunfar;2
advirtiend;2
arrostr;2
huelg;2
sequedad;2
coral;2
tra;2
llovies;2
desmient;2
ange;2
gozo;2
adornad;2
profundament;2
gaznatic;2
colegir;2
prestad;2
nublad;2
participant;2
trasudar;2
balcon;2
formaban;2
pidiesen;2
sosegadament;2
liberalment;2
desasirs;2
polain;2
embestirs;2
aprovechamient;2
desigualdad;2
buitr;2
espaldaraz;2
abreviar;2
distint;2
acudiend;2
plegari;2
esconderm;2
competenci;2
corrediz;2
reducirs;2
horcajadur;2
sacudiend;2
ajorc;2
formar;2
cantas;2
acordaron;2
importunidad;2
cualesquier;2
transparent;2
mentecat;2
bogand;2
celebr;2
entendier;2
cubr;2
combatid;2
temeridad;2
podim;2
dij;2
debiend;2
acrecient;2
caminan;2
ginoves;2
abadej;2
tornand;2
arcabuz;2
mach;2
traicion;2
transformacion;2
olall;2
baez;2
comoquier;2
lobo;2
loba;2
cubrieron;2
relatand;2
magn;2
sotan;2
grabad;2
felicidad;2
otorgu;2
use;2
porraz;2
anduvier;2
anduvies;2
ofrecen;2
gozas;2
acordad;2
gigot;2
comenzand;2
desfag;2
manid;2
ponern;2
salmantin;2
abajars;2
pretendient;2
favorezc;2
quesad;2
rompiend;2
declarar;2
curs;2
aconsejarm;2
dispong;2
malt;2
sobresaltaron;2
tregu;2
dijel;2
desconfianz;2
declarad;2
embestid;2
cristiandad;2
olvidas;2
pegar;2
desviaban;2
emper;2
corazon;2
machuc;2
sustentars;2
admit;2
admir;2
mart;2
empleand;2
marc;2
rodeaban;2
disgust;2
sirvan;2
gozasen;2
losa;2
providenci;2
mato;2
consienten;2
podam;2
sudar;2
prerrogativ;2
altur;2
eco;2
vel;2
perseverar;2
fabricarl;2
militar;2
examinas;2
previlegi;2
avivar;2
conocell;2
obligacion;2
arrojand;2
habitar;2
mantibl;2
sacrament;2
sufridor;2
haneg;2
privars;2
cebr;2
sustentab;2
sustentan;2
temieron;2
juzgab;2
enriqu;2
aborrecimient;2
turbi;2
santiguad;2
pasion;2
ene;2
favorecies;2
recostad;2
hombrun;2
espesur;2
aper;2
complacer;2
apretab;2
igualment;2
cocid;2
etc;2
trapoban;2
relumbrab;2
yelo;2
estatu;2
llevarm;2
posibilidad;2
crecer;2
estarl;2
suba;2
llagad;2
examen;2
acostad;2
contemplar;2
arrodillad;2
defraudand;2
aderezarl;2
restab;2
suer;2
topas;2
visaj;2
renunci;2
conjeturar;2
presentad;2
traspuest;2
adquiriend;2
olvidall;2
presentar;2
declararl;2
declararm;2
trasportad;2
habell;2
fea;2
raja;2
tratasen;2
tranquil;2
estrem;2
sumo;2
roldan;2
cotuf;2
elen;2
juntar;2
deshicies;2
gamo;2
ciber;2
escoj;2
inexcusabl;2
oiga;2
afuer;2
confirmaron;2
gane;2
ramo;2
quisist;2
traell;2
herreruel;2
consolars;2
ordenaron;2
amparar;2
traers;2
rasa;2
dile;2
amorosament;2
raro;2
favorec;2
traerm;2
vocabl;2
renombr;2
plom;2
impedid;2
dimosl;2
in;2
diversidad;2
charni;2
hartar;2
culebr;2
aconsejad;2
indecent;2
rayo;2
atrevier;2
enfadan;2
astuci;2
enton;2
tendieron;2
pintand;2
remediarl;2
influj;2
seca;2
humedecer;2
hebr;2
concluid;2
maldecir;2
divertirl;2
maletill;2
ofendell;2
seda;2
magalon;2
proez;2
alfan;2
considerab;2
acorrer;2
enalbardas;2
escapars;2
gan;2
terci;2
hablador;2
gat;2
enrejad;2
arguy;2
satisfacers;2
pasaran;2
enamorar;2
cumplimient;2
entreteng;2
mezclarl;2
heno;2
dobland;2
azogu;2
sell;2
pront;2
obligan;2
pospuest;2
astiller;2
belitr;2
viperin;2
apalead;2
terradill;2
estropead;2
gil;2
ardiend;2
tiraban;2
intens;2
aderez;2
mudo;2
soltur;2
audienci;2
arad;2
durar;2
claustr;2
ochent;2
sabrosament;2
convin;2
calamitos;2
limpiez;2
lastimos;2
horrend;2
consecuenci;2
ardu;2
vidri;2
despedim;2
despedir;2
entretenell;2
ordenas;2
erudit;2
limpiar;2
despedid;2
carcaj;2
aveng;2
suspenden;2
granjead;2
sobrehuman;2
cartag;2
tibi;2
guy;2
rehusab;2
virgen;2
suspendan;2
competidor;2
objet;2
quemaran;2
arpa;2
escondies;2
debem;2
ofend;2
asombr;2
cambi;2
despach;2
ofens;2
inferir;2
caritativ;2
nombrand;2
desears;2
abundant;2
desearm;2
ulis;2
alind;2
segador;2
lata;2
degollad;2
embobad;2
laur;2
agradecieron;2
nacies;2
solicitan;2
enea;2
pintiparad;2
entibi;2
bizcoch;2
lazo;2
folgar;2
piedad;2
fealdad;2
hig;2
tomars;2
alzab;2
socorred;2
bastiment;2
durez;2
torne;2
fraganci;2
disimul;2
escrupulos;2
costas;2
costar;2
acabam;2
admirars;2
abad;2
contiend;2
nacist;2
perdieron;2
procurador;2
truequ;2
sirvies;2
conden;2
mirall;2
invict;2
gutierr;2
dieren;2
pardiez;2
mego;2
confusion;2
cerradur;2
alterar;2
bendig;2
desarmarl;2
lector;2
sombrer;2
pescad;2
esquil;2
pelad;2
moviesen;2
marin;2
sosegar;2
sosegas;2
muley;2
doquier;2
desesperars;2
meneall;2
anulab;2
abrirl;2
abrirs;2
candilaz;2
banquet;2
errar;2
hogaz;2
andurrial;2
mascar;2
vislumbr;2
lagun;2
asom;2
primerament;2
cobras;2
merl;2
beso;2
admirabl;2
desgraciad;2
menears;2
creyer;2
abre;2
abra;2
escanciador;2
colorad;2
fatigaban;2
ruiz;2
sanab;2
fatigall;2
ida;2
desleal;2
morill;2
vellid;2
sandi;2
lusitan;2
entretengan;2
faga;2
otorgad;2
trujist;2
fiarm;2
predicar;2
acometid;2
atar;2
calor;2
navarin;2
falz;2
manuel;2
galate;2
apretand;2
abrier;2
acometen;2
repar;2
manden;2
saludarl;2
presupon;2
tornar;2
pont;2
edifici;2
acer;2
grial;2
mandat;2
mandan;2
isl;2
ensilland;2
potr;2
espaldar;2
pose;2
asistenci;2
sosegars;2
menguar;2
gigantaz;2
mariner;2
acuchillad;2
alborozad;2
cogot;2
obedienci;2
porvenir;2
enemistad;2
pintaban;2
pararon;2
acod;2
entretien;2
vivient;2
florismart;2
moverm;2
abrazand;2
inhabitabl;2
ignoraban;2
facilitarl;2
jac;2
borrach;2
pasan;2
acud;2
comparacion;2
gustas;2
secretament;2
consumid;2
comedidament;2
mentirosament;2
vicios;2
humill;2
encerras;2
castiz;2
callaban;2
henar;2
malhechor;2
mueren;2
partirm;2
atribut;2
acogid;2
guarn;2
barbarroj;2
manifiestament;2
deshaciend;2
almalaf;2
jerez;2
disponer;2
afirm;2
persuasion;2
anduviesen;2
presentars;2
enterrasen;2
pestilenci;2
adelantas;2
despidieron;2
echem;2
florip;2
informars;2
lanzad;2
sustancial;2
vado;2
jaramill;2
apremi;2
importunarl;2
tablant;2
asentab;2
vaca;2
echas;2
despiadad;2
vehement;2
buscad;2
respondiend;2
semejaban;2
ensill;2
quebrant;2
pedill;2
inquietud;2
pedild;2
sostenerm;2
murieron;2
apeas;2
escuchart;2
contars;2
conocen;2
sieg;2
valg;2
hiel;2
debilitad;2
estorb;2
siga;2
desastr;2
vana;2
inclinarm;2
carecier;2
leedl;2
caminasen;2
heredad;2
repartieron;2
encajad;2
vase;2
acabars;2
insolent;2
tajar;2
sigan;2
querenci;2
silv;2
embebecid;2
rodand;2
acabast;2
escuadron;2
silb;2
vast;2
exent;2
once;2
anduvieron;2
entendem;2
paraj;2
firmad;2
guadian;2
enviarm;2
injust;2
padrin;2
hito;2
tiras;2
hablall;2
caminaron;2
vejez;2
acaball;2
encender;2
limitad;2
airad;2
departir;2
cortaron;2
despertall;2
alcanzas;2
caterv;2
alcanzan;2
fatigar;2
llamart;2
orian;2
basile;2
sentas;2
merecimient;2
orfandad;2
guirnald;2
cargab;2
cargad;2
pradecill;2
enterrar;2
traslad;2
almen;2
sacam;2
enterrad;2
bebid;2
almet;2
incit;2
maltratas;2
esmerald;2
trofe;2
descubrirm;2
desampar;2
saludad;2
pajarill;2
ocupas;2
guevar;2
cargar;2
rutin;2
desayunad;2
esculpirs;2
hipogrif;2
podrem;2
entretuvieron;2
cendal;2
lusitani;2
quedarem;2
fuel;2
laz;2
inremediabl;2
reservad;2
afirmab;2
vengam;2
afirman;2
contentas;2
contentab;2
merezc;2
doctor;2
mujercill;2
prez;2
creciend;2
leo;2
esperasen;2
mocedad;2
bagarin;2
homer;2
beldad;2
pagu;2
sospechab;2
santidad;2
descendient;2
litad;2
juntand;2
mordier;2
ensalm;2
mido;2
acariciab;2
permitiend;2
inventarl;2
furt;2
toparem;2
cordel;2
culpad;2
despechad;2
merecerl;2
sastr;2
sacrifici;2
profesaron;2
catadur;2
bacala;2
reliev;2
antecogiend;2
lun;2
seguirl;2
infernal;2
contradecirl;2
impid;2
milo;2
ensanch;2
ayudarm;2
mina;2
cantarill;2
hijad;2
azufr;2
esparciend;2
descomedid;2
ventanill;2
guedej;2
despertas;2
fundad;2
feas;2
oriental;2
manifestars;2
febo;2
roball;2
turpin;2
honrall;2
bizm;2
bizc;2
socorrell;2
tentar;2
concedies;2
competir;2
eses;2
carreter;2
volvem;2
alojar;2
quitand;2
bogasen;2
rindies;2
moller;2
imprimir;2
dotad;2
cuartan;2
romanz;2
premiad;2
pacer;2
desembolsas;2
retam;2
estandart;2
movies;2
variad;2
disfrazaron;2
tomasen;2
extiend;2
apartaron;2
respondieron;2
desenjaularon;2
posesor;2
torcer;2
matand;2
maldicient;2
mudand;2
colad;2
elegir;2
secundar;2
vigili;2
coronist;2
obligaban;2
preguntaron;2
padezc;2
reinar;2
veneci;2
derramar;2
ofenden;2
sobrevin;2
disfrazad;2
hecist;2
rier;2
cerraron;2
rancor;2
pagas;2
suntuos;2
andem;2
escurecers;2
pintur;2
noramal;2
comunicall;2
renglon;2
jarr;2
acometell;2
almorzaron;2
escaler;2
toro;2
torp;2
atraer;2
abraz;2
otoman;2
encamin;2
nadand;2
siguiesen;2
pasars;2
intentan;2
recitant;2
consideracion;2
persi;2
encomiend;2
persuadirl;2
viriat;2
estrellad;2
fland;2
perjudicial;2
not;2
guisad;2
protestab;2
europ;2
volar;2
cachorr;2
hechur;2
ayudaran;2
ecos;2
bastard;2
ceboll;2
saavedr;2
apearm;2
zalem;2
colet;2
pesas;2
herej;2
alemani;2
galan;2
atendiend;2
veen;2
andre;2
procurad;2
capotill;2
inteligibl;2
sazonad;2
infund;2
vaquet;2
guarnecid;2
brios;2
fugitiv;2
valers;2
confundies;2
velo;2
soltaron;2
permitid;2
porfiab;2
actor;2
venz;2
acometedor;2
vend;2
aprisc;2
encontrad;2
arremangad;2
espolear;2
agost;2
ejecutar;2
cenad;2
atravesab;2
atravesad;2
tiend;2
guardaban;2
cenar;2
consejer;2
rodeas;2
betis;2
rodear;2
acomet;2
verj;2
maleant;2
usos;2
deciend;2
gentilhombr;2
orbe;2
usaban;2
meter;2
renovaron;2
vencist;2
indubitabl;2
doliend;2
suspirand;2
rosad;2
cofrecill;2
oria;2
zafi;2
venteril;2
pelean;2
pelear;2
cazador;2
cumbr;2
grandios;2
coge;2
representand;2
representaron;2
adivin;2
dale;2
cojo;2
lucreci;2
tardas;2
escamos;2
harrier;2
depositari;2
pintor;2
colm;2
ancian;2
contrapuest;2
casac;2
fabricad;2
coma;2
dard;2
dehes;2
casas;2
tejad;2
descubren;2
sucintament;2
murci;2
coro;2
alegrab;2
llorarl;2
ociosidad;2
alegrar;2
alegran;2
gocen;2
ejecut;2
apurad;2
gritab;2
agradar;2
doscient;2
ayudasen;2
nota;2
ceniz;2
sinsabor;2
hambrient;2
cruzand;2
antojas;2
reparand;2
discurr;2
hoguer;2
profesad;2
profesam;2
facer;2
atended;2
especial;2
soldadesc;2
sencill;2
azumbr;2
navegar;2
quejarm;2
perdier;2
recogiesen;2
per;2
partiesen;2
osas;2
atestad;2
alabastr;2
llanez;2
entren;2
asombrad;2
robust;2
pandahilad;2
hallaren;2
rezab;2
haldud;2
pic;2
elocuenci;2
terron;2
heroic;2
encerrarm;2
encerrarl;2
ofrecerl;2
vanidad;2
intitul;2
devane;2
aventurad;2
cabreriz;2
volverl;2
fabricador;2
entrab;2
blasfem;2
valeder;2
santiag;2
estorbas;2
componer;2
sospir;2
mostraban;2
retirar;2
encomendarn;2
retirad;2
muestran;2
apuntarm;2
progres;2
mujerieg;2
comienzan;2
atinar;2
mudas;2
beltenebr;2
denuest;2
tray;2
peto;2
reparar;2
rescatar;2
cercan;2
pesi;2
cercen;2
temerari;2
miren;2
sagaz;2
acometiend;2
ligerament;2
ensartad;2
teners;2
tach;2
cercad;2
sutilez;2
cuenten;2
abollad;2
terrad;2
fiad;2
escogieron;2
acudid;2
desembarcar;2
tranz;2
faciend;2
vilez;2
aderezaron;2
tajo;2
desembarcader;2
hoja;2
admiraban;2
encomiendan;2
envidiar;2
dispuest;2
garcilas;2
llovid;2
preeminenci;2
beneficiad;2
alhombr;2
coman;2
comam;2
decantad;2
cargaron;2
trov;2
divid;2
troy;2
tron;2
desvalijand;2
cumplan;2
encaminan;2
encaminas;2
acontecieron;2
librad;2
similitud;2
universidad;2
trinche;2
oter;2
escolar;2
hablaban;2
sabrem;2
recoger;2
fing;2
recogen;2
conocies;2
orland;2
encarecimient;2
fili;2
sacaron;2
patent;2
evitar;2
ocio;2
fundament;2
derrumbader;2
propuest;2
except;2
venerabl;2
puntual;2
quitasen;2
arrob;2
rieron;2
medor;2
comies;2
aderezasen;2
nuevament;2
perdonadm;2
rompieron;2
arrim;2
hagam;2
andars;2
ristr;2
consigu;2
detuvies;2
solicitall;2
seais;2
iseo;2
probarl;2
fingen;2
andanz;2
hirviend;2
venirn;2
cogiend;2
consiguient;2
nacer;2
inexpugnabl;2
bajez;2
hinoj;2
entenderl;2
insufribl;2
entretuvies;2
sujetarm;2
guardall;2
escuridad;2
rap;2
tolos;2
garamant;2
red;2
act;2
rej;2
postiz;2
acertaron;2
hijodalg;2
flech;2
cerrer;2
entretuvier;2
alabab;2
concordi;2
pisar;2
tempestad;2
estuvier;2
conceder;2
cesen;2
pisan;2
calatrav;2
bajaban;2
leonad;2
catorc;2
brevaj;2
inteligent;2
caco;2
ausentad;2
pisad;2
cret;2
ausentar;2
deliberad;2
llag;2
boda;2
meterm;2
amargament;2
cerroj;2
guine;2
ros;2
cesar;2
otorgars;2
cris;2
embarcars;2
antojadiz;2
crin;2
llegast;2
cardenal;2
cometer;2
postur;2
arc;2
art;2
asp;2
cumplen;2
instituid;2
ruy;2
anegaron;2
bols;2
quedarm;2
amanecies;2
admiran;2
escribill;2
viga;2
seder;2
casc;2
micer;2
virtuos;2
rogand;2
embarcar;2
obrall;2
ermit;2
darem;2
pugnab;2
discrecion;2
cato;2
cumplill;2
tratam;2
escribirm;2
cortand;2
talent;2
mostrand;2
apuntamient;2
sacarm;2
nervi;2
curab;2
sac;2
satisfiz;2
cayo;2
curas;2
particularidad;2
baj;2
arrancars;2
decendenci;2
vestirs;2
instigad;2
echall;2
rasgad;2
alicant;2
arroyuel;2
sen;2
suben;2
dejadm;2
rindieron;2
oyent;2
regalaron;2
recogieron;2
modal;2
deba;2
adentr;2
tasaj;2
rogas;2
rogam;2
escribier;2
rogab;2
preguntall;2
eugeni;2
norabuen;2
sahumad;2
sospechos;2
arremetieron;2
frescur;2
emboscar;2
recogers;2
tenedl;2
alfanj;2
mentar;2
redondez;2
improvisament;2
pobret;2
traband;2
preguntart;2
preguntars;2
preguntarl;2
preguntarm;2
marfil;2
esotr;2
subjet;2
arremeter;2
navaj;2
interromper;2
carrill;2
consentimient;2
idea;2
facilitab;2
bonetill;2
prosiguies;2
dadivos;2
diciplin;2
vehemenci;2
filis;2
prestasen;2
saet;2
guiar;2
guias;2
acetar;2
echarl;2
desocupad;2
guiab;2
robo;2
revalidar;2
argument;2
curarl;2
venciend;2
defraudar;2
maldig;2
comenzas;2
sonaban;2
traser;2
ganand;2
paseab;2
pelill;2
tumb;2
llegaren;2
hald;1
halo;1
idos;1
pico;1
rompies;1
casarn;1
casarl;1
tel;1
castidad;1
arancel;1
prosiguieron;1
concebid;1
disfraz;1
canten;1
lluev;1
despartir;1
trastornad;1
minaron;1
hans;1
indiscret;1
comunidad;1
sals;1
rastroj;1
frazad;1
gola;1
otavian;1
sueld;1
s;1
u;1
v;1
jurand;1
x;1
conducirl;1
z;1
obedecert;1
prendan;1
baldomin;1
dolerm;1
amenud;1
emperant;1
extremadament;1
romp;1
condecender;1
sane;1
sucederl;1
remer;1
tropiez;1
gomi;1
garay;1
cit;1
sucedern;1
seglar;1
atraillad;1
atajas;1
atajar;1
atajan;1
asier;1
ladin;1
descansab;1
horcajad;1
roqu;1
aconsejarem;1
hisop;1
gorr;1
flot;1
lascivi;1
hast;1
sard;1
terciand;1
ofrez;1
acrecentars;1
ton;1
carecieron;1
ando;1
tor;1
alargarm;1
zuzaban;1
guardaamig;1
virginidad;1
alborotab;1
incult;1
cod;1
buscaron;1
empalab;1
empalad;1
creedm;1
rosa;1
desordenad;1
com;1
procu;1
rendirn;1
arquet;1
cop;1
llamadm;1
huell;1
amaban;1
homicidi;1
inevitabl;1
traigan;1
avellanad;1
anochec;1
durader;1
desafiall;1
corrist;1
desparcir;1
resucitad;1
escurriend;1
arrepient;1
resucitas;1
significab;1
tortuos;1
significad;1
extremarm;1
aforrad;1
deshacert;1
amigablement;1
hazm;1
despachad;1
agazapasen;1
horizont;1
simient;1
combatient;1
plumaj;1
cantor;1
abandonarm;1
cuidados;1
palinur;1
comprad;1
faltaron;1
concert;1
lloraban;1
acordaran;1
garbear;1
calentar;1
zulem;1
consorci;1
espantos;1
cojear;1
adornan;1
adornar;1
sotil;1
cojeab;1
reducill;1
sacapotr;1
sabeis;1
escurezcan;1
anim;1
reloj;1
bellaconaz;1
enderezador;1
prestab;1
sienten;1
untarl;1
deseas;1
guisopet;1
prestar;1
garabat;1
orador;1
trasudab;1
encubrier;1
disfigurad;1
asist;1
alvar;1
entregan;1
asombradiz;1
encenderl;1
tech;1
concluyam;1
publicador;1
emprendell;1
palomequ;1
embestirl;1
alborocen;1
concept;1
aniquil;1
apercebid;1
merendaron;1
desvia;1
arrocad;1
bisabuel;1
mendrug;1
veedor;1
grumet;1
villalpand;1
persuadieron;1
lloros;1
anos;1
pellis;1
silbos;1
apartarl;1
descoser;1
gaudeamus;1
aventajarm;1
hosteler;1
vinieren;1
cerrarl;1
destroz;1
entiendan;1
estabal;1
ligitim;1
conmovid;1
tejo;1
trasudor;1
pongam;1
resistirl;1
dormirl;1
apetecerl;1
maquinas;1
espanten;1
disimuladament;1
rodearem;1
furor;1
ante;1
asirs;1
reducirm;1
fallar;1
reducirl;1
asirl;1
manill;1
precipitadament;1
domini;1
sostuv;1
contrastad;1
carole;1
anul;1
tonel;1
forman;1
laudem;1
formad;1
cantad;1
tent;1
trastrig;1
desalbardar;1
recebirl;1
comparad;1
inusitad;1
reventaban;1
comparar;1
tema;1
aceiter;1
tartamud;1
conjurarm;1
remitieron;1
espantan;1
teme;1
estriband;1
podader;1
cipion;1
campan;1
alegrasen;1
caminem;1
sembradur;1
escondimient;1
preciaban;1
gozos;1
altri;1
solazars;1
diferentement;1
sosieguen;1
desmochad;1
aprovechaban;1
socorriend;1
autorizar;1
cohond;1
lacay;1
transformad;1
aplaus;1
desnudaron;1
cuatrer;1
cansab;1
graznar;1
suplici;1
dil;1
suplico;1
din;1
entretejid;1
acogen;1
comunicad;1
entremeter;1
cayad;1
comunicas;1
test;1
caminas;1
comunicam;1
rogarem;1
abades;1
neptun;1
tese;1
solazand;1
adoras;1
adoran;1
adorar;1
encastillad;1
adorad;1
load;1
vedad;1
desviaron;1
adorab;1
escritori;1
creenci;1
partim;1
relas;1
manzan;1
cotejand;1
loca;1
margarit;1
contradecir;1
isabel;1
mediaron;1
oficin;1
contumaz;1
yugo;1
publicas;1
brid;1
dot;1
despunt;1
nula;1
paliz;1
dulcinea;1
impacienci;1
igualen;1
gobernad;1
cuasi;1
feroz;1
socap;1
seguidament;1
disuadiend;1
cicatriz;1
acordas;1
atienen;1
borrab;1
afamad;1
desayunars;1
recebidm;1
bronz;1
evangeli;1
alzast;1
cupe;1
uun;1
apoqu;1
ponert;1
vedij;1
resisties;1
desfac;1
gozam;1
uva;1
palom;1
alzars;1
gozad;1
lloraran;1
avasallad;1
adahal;1
mamo;1
herirl;1
volandill;1
hacedn;1
hacedm;1
band;1
aconsejarl;1
galadin;1
august;1
escuchas;1
maguer;1
puntad;1
contaron;1
labor;1
enternecier;1
bordand;1
bradamant;1
lonj;1
vaciland;1
caribdis;1
bizmar;1
envilec;1
lomo;1
loma;1
bizmad;1
rapaz;1
embestim;1
manc;1
acortar;1
aliment;1
manifiestan;1
olvidar;1
loor;1
loos;1
sostener;1
pegas;1
resistenci;1
mapa;1
carnal;1
acomodas;1
brut;1
henchir;1
canast;1
sustentarm;1
bruj;1
acomodab;1
bate;1
basc;1
pegan;1
demostrativ;1
atadill;1
finoj;1
tansil;1
pegad;1
canari;1
bogas;1
olvidab;1
registr;1
hijadeand;1
aparat;1
jurast;1
val;1
var;1
jimi;1
trenz;1
dechad;1
conocerm;1
paguen;1
saltab;1
conocers;1
saltad;1
scil;1
arrojars;1
blandiend;1
sangrars;1
brillador;1
escureciesen;1
recuestand;1
pidieran;1
serrezuel;1
contener;1
sudad;1
arrojarl;1
virrey;1
valpuleab;1
dolorid;1
denostar;1
consintieron;1
resonar;1
desdijes;1
tuvieren;1
vem;1
vet;1
oyas;1
derechament;1
militam;1
rapos;1
escuadr;1
desfagan;1
finis;1
acrecentab;1
atribuyend;1
compelid;1
ocuparl;1
estacad;1
tomem;1
sardin;1
tomen;1
avivad;1
buscasen;1
acrecentas;1
miglior;1
mazo;1
ocupars;1
jacint;1
examinador;1
notar;1
notas;1
cuartill;1
enarboland;1
igualaban;1
cobraron;1
respondier;1
humillad;1
estop;1
trataron;1
oyen;1
sustentas;1
satisfaceis;1
rijos;1
estudiad;1
estant;1
sagrad;1
resucitand;1
militais;1
ceca;1
exceptuand;1
fiambrer;1
temerl;1
contaran;1
sobrepujaran;1
montuos;1
afead;1
contentarl;1
contentarm;1
afeab;1
errand;1
evidenci;1
carcomid;1
regalar;1
manifestaran;1
alcabal;1
contentars;1
menudeaban;1
satisfaciend;1
lenitiv;1
bosquej;1
regalab;1
yedr;1
concordanci;1
esencial;1
congojart;1
consentim;1
todopoderos;1
habert;1
habern;1
acuited;1
pondrem;1
pusisteis;1
riesen;1
contempl;1
frisab;1
requesens;1
escen;1
contentaron;1
naranj;1
frisar;1
humedec;1
fonsec;1
entrarn;1
engolfad;1
entrars;1
contentall;1
oropel;1
valid;1
esforzar;1
arrear;1
tropezar;1
rabiab;1
elegant;1
moledor;1
aventaj;1
alistab;1
callas;1
coselet;1
sobrevinies;1
aventurarl;1
aventurars;1
apacibilidad;1
acelerand;1
yema;1
privanz;1
descubridor;1
pantufl;1
albergan;1
escas;1
llevars;1
tropel;1
cualificad;1
sobrebarber;1
belon;1
prometimient;1
eva;1
aclarab;1
aclaras;1
respondist;1
medrosic;1
menospreciad;1
martin;1
aventurand;1
quemasen;1
balanz;1
nero;1
envainen;1
tocaban;1
rabultad;1
afrentars;1
canonizar;1
barat;1
bodegoner;1
enconar;1
tiraron;1
tragab;1
estrad;1
importun;1
tragar;1
estrag;1
termodont;1
micocolemb;1
cera;1
castrador;1
retraer;1
escogerm;1
entremeterm;1
huev;1
yeso;1
pintarn;1
absteng;1
horror;1
graj;1
grat;1
renacer;1
satisficieron;1
engrandecer;1
manchas;1
jarif;1
galician;1
desusad;1
techad;1
enmudec;1
cegar;1
cegas;1
coronart;1
clemenci;1
topab;1
pintars;1
sicut;1
propriedad;1
descansand;1
recreab;1
negociant;1
recrear;1
infalibl;1
dividirs;1
acobard;1
levanta;1
topam;1
comunic;1
mantill;1
tropezon;1
cumplisel;1
afirmativament;1
jardin;1
pregonand;1
moralment;1
israel;1
decienden;1
hiedr;1
greb;1
conjeturam;1
armeni;1
tocasen;1
comiesen;1
discretisim;1
fad;1
faj;1
asiend;1
vegad;1
rabios;1
certific;1
presentas;1
apur;1
congojaban;1
echaban;1
baptizad;1
elar;1
gaet;1
junten;1
hallais;1
alquif;1
cuelg;1
desampararm;1
huyer;1
enristrand;1
declararn;1
diaz;1
acuitar;1
elch;1
cerviz;1
regaladament;1
grif;1
inconstanci;1
feb;1
cerebr;1
dict;1
fez;1
pizmient;1
juntad;1
reventab;1
juntab;1
saludaron;1
ursin;1
adquier;1
arenqu;1
juntas;1
descansadament;1
escog;1
sustentaran;1
huyan;1
deservici;1
profanab;1
rall;1
estremad;1
hartur;1
fendient;1
supl;1
mantien;1
llevadl;1
gall;1
urbin;1
desmantelar;1
aderezand;1
extens;1
alboroz;1
impensad;1
cristianament;1
gant;1
encubrirm;1
encubrirs;1
voltead;1
doblad;1
huso;1
teatr;1
ginosofist;1
aa;1
despejall;1
eclips;1
ad;1
barros;1
igualaran;1
gano;1
am;1
bramab;1
decild;1
arcaduz;1
pensem;1
br;1
cajit;1
llega;1
ca;1
dispusies;1
consolarl;1
resolvers;1
garruch;1
familiar;1
prestarm;1
ovejun;1
contentasen;1
carlot;1
traert;1
intervien;1
tobosin;1
alagon;1
dila;1
pronosticad;1
ceguedad;1
mugrient;1
rogativ;1
diamantin;1
avisas;1
garr;1
et;1
alojaban;1
escudill;1
desfech;1
machacan;1
pensam;1
disimulad;1
foz;1
alert;1
leyent;1
barrig;1
consoland;1
favorecid;1
calentur;1
barril;1
villenov;1
rata;1
almohadill;1
amaril;1
viand;1
resbalos;1
fors;1
hi;1
dolier;1
escogell;1
palafren;1
correspondid;1
ia;1
frailecic;1
arrendamient;1
turert;1
contrast;1
vestidur;1
cosid;1
silbat;1
deshac;1
saltaban;1
recorred;1
remediand;1
absolutament;1
lantern;1
inmortal;1
godofr;1
gustand;1
ofendedm;1
silvestr;1
jaral;1
migaj;1
oisl;1
atribuyeron;1
erizad;1
midiesen;1
ma;1
tinel;1
acetarl;1
porter;1
raza;1
enfadar;1
enfadas;1
aconsejar;1
genil;1
bienllegad;1
bellacuel;1
posibilitad;1
platic;1
anegas;1
alaband;1
desarmaban;1
coser;1
cevil;1
desposar;1
pluguier;1
doblar;1
remediarm;1
portezuel;1
tartesi;1
solitari;1
dador;1
noster;1
amondongad;1
salar;1
ciand;1
teres;1
colocar;1
obedecid;1
qu;1
aplicab;1
ra;1
feriar;1
oratori;1
estornudar;1
elogi;1
sobras;1
bienay;1
sn;1
sr;1
divertirm;1
esquivars;1
regocijall;1
avisot;1
tendiend;1
echarem;1
ue;1
abland;1
perderm;1
sitiad;1
perdert;1
desenfadadament;1
previen;1
escaparn;1
dezmar;1
prosperidad;1
despliegu;1
quedem;1
gay;1
forer;1
enarcar;1
remunerar;1
colocad;1
proponiend;1
inciert;1
saltearon;1
salvoconduct;1
echaran;1
apris;1
satisfacerm;1
disculparan;1
burlaron;1
referirl;1
ahechad;1
amainaron;1
importunad;1
forcejeab;1
enamoran;1
atropellaron;1
ahitars;1
importunab;1
gabri;1
argamas;1
intricabl;1
bramid;1
deputad;1
melificad;1
olvidaron;1
corrier;1
desmentill;1
hamid;1
ensayad;1
garzon;1
membrar;1
terrenal;1
sobrepelliz;1
previnier;1
adornart;1
desconciert;1
amortiguad;1
adornars;1
viniesen;1
merezcan;1
apacientan;1
frecuenci;1
algodon;1
hediond;1
obligas;1
obligar;1
ocurrieron;1
lavar;1
estrenad;1
aderec;1
lavad;1
lavab;1
apoyar;1
aclar;1
mazmorr;1
ensuciar;1
satisfacell;1
ahogar;1
heri;1
hubieren;1
ahogad;1
perdell;1
fontecill;1
queitar;1
continuar;1
aparecid;1
chichon;1
continuab;1
enfados;1
trazador;1
sest;1
trabajand;1
azotab;1
aras;1
resuenan;1
mude;1
hete;1
dinamarc;1
prevenid;1
llorand;1
serg;1
sender;1
sern;1
escuchasen;1
supiesen;1
doblaron;1
escuchaban;1
duras;1
quiten;1
prazg;1
duran;1
durab;1
durad;1
intricadament;1
ensalzamient;1
levanten;1
costur;1
arco;1
convid;1
muec;1
formars;1
quantios;1
secuaz;1
acontec;1
got;1
zaragoz;1
sucedieren;1
excelent;1
dilatand;1
caminall;1
buho;1
labr;1
circunspect;1
aldean;1
obsequi;1
multitud;1
hablarn;1
voce;1
limpiad;1
estratagem;1
tracist;1
despaic;1
avenid;1
tiembl;1
scripserunt;1
chapitel;1
mosquit;1
suspender;1
dilatarm;1
vivar;1
escondiesen;1
correos;1
deslenguad;1
escudar;1
esparcir;1
prolij;1
maravillab;1
admitier;1
maravillan;1
medrar;1
maravillar;1
lastimen;1
grasient;1
mumid;1
aquien;1
vieran;1
seguidor;1
turband;1
tici;1
deslindas;1
deslindar;1
continenci;1
virgili;1
gamell;1
musa;1
huirm;1
combat;1
quitam;1
reforzar;1
asomar;1
visties;1
contrahacer;1
requebrand;1
deber;1
aciertan;1
wamb;1
jubilab;1
polvos;1
solenizall;1
quemarl;1
cartagen;1
arre;1
comarc;1
ricamont;1
arrastrars;1
ruibarb;1
invisibl;1
deidad;1
encontrars;1
arzobispal;1
bebieron;1
chicori;1
caracter;1
voceand;1
sucedier;1
canal;1
proveer;1
allombr;1
batir;1
sujetar;1
hab;1
escucharon;1
had;1
enarcand;1
reposem;1
helad;1
atiend;1
vecindad;1
mantenimient;1
aranjuez;1
reconciliar;1
proporcionad;1
trotill;1
corrers;1
araucan;1
hacendos;1
parabien;1
neguijon;1
descolgad;1
marchand;1
murasen;1
ilustrad;1
numeros;1
tolome;1
rancios;1
cavilos;1
descendenci;1
menes;1
verisimilitud;1
pisuerg;1
corporal;1
reconciliad;1
horadar;1
toscan;1
acomodasen;1
reconcilian;1
abrasar;1
sosegos;1
plebey;1
desterrad;1
zelador;1
encierrr;1
tire;1
perecid;1
susurr;1
enternecer;1
suplir;1
regocijadament;1
embozars;1
gobernarl;1
marchars;1
coyund;1
chap;1
tostad;1
hia;1
feligres;1
fenecer;1
tomarm;1
mismojurament;1
socorren;1
mirast;1
infacund;1
colodrill;1
sotilment;1
entreteners;1
imitall;1
zapatic;1
pedrezuel;1
alzas;1
mirars;1
tisb;1
acrisol;1
sanguinolent;1
escondieron;1
escucharem;1
meca;1
suspendiend;1
enclavijad;1
trasponell;1
toall;1
osasen;1
hospital;1
perecer;1
perail;1
convencid;1
gilecuelc;1
enmendaren;1
fuerc;1
encubren;1
atrevan;1
vellud;1
ignorad;1
pertrechand;1
abrazaron;1
argamasillesc;1
asco;1
hoc;1
acometieron;1
siend;1
entregast;1
trujill;1
alzaban;1
hoz;1
desenalbardar;1
abrumad;1
alentar;1
papin;1
suadent;1
pesaros;1
habilitad;1
trilland;1
march;1
condes;1
aser;1
morders;1
gangos;1
descreer;1
colodr;1
santiguaron;1
acaben;1
pacient;1
lofras;1
tribus;1
alterad;1
abej;1
auror;1
tramontan;1
pasamaqu;1
brumad;1
nacieron;1
mojon;1
desapasionad;1
descabezar;1
golondrin;1
asia;1
zumban;1
publicand;1
descabezad;1
desabrocharl;1
asir;1
lavars;1
repit;1
braser;1
agibl;1
esquin;1
ladrillaz;1
prevengam;1
inmortalidad;1
frondos;1
apelativ;1
disparall;1
magimas;1
meon;1
peinars;1
lavand;1
caridad;1
madrugar;1
calet;1
rumpant;1
martirizad;1
madrugad;1
ment;1
suelenl;1
desarmand;1
guanter;1
mene;1
repun;1
tropezand;1
disparand;1
aspa;1
guardador;1
favorecern;1
favorecerm;1
favorecers;1
hallem;1
obedezcan;1
escarmentad;1
celill;1
acudieren;1
carlomagn;1
escarmentar;1
oprim;1
quebrar;1
resbaland;1
lectur;1
desagrad;1
transform;1
resfriaron;1
pelaj;1
volvimosl;1
fenestr;1
merc;1
proveedor;1
besa;1
exagerab;1
asolas;1
ruec;1
exagerar;1
defendert;1
ensillad;1
telill;1
ensillab;1
tenori;1
adalid;1
trasladab;1
rompell;1
asalten;1
trasladad;1
zas;1
acotacion;1
mete;1
sustanci;1
apretars;1
prometiend;1
abus;1
menudear;1
ensabanad;1
deban;1
baber;1
propongan;1
gonel;1
face;1
rufo;1
sanad;1
condescender;1
huill;1
sanas;1
trasquilen;1
rehacers;1
zel;1
fablar;1
alargar;1
valij;1
raton;1
meneand;1
alargab;1
fablad;1
pirine;1
peladill;1
contravenid;1
tragader;1
imaginarl;1
rompers;1
refugi;1
romperm;1
duelen;1
sintieron;1
paternidad;1
acometieran;1
palomin;1
aniquilan;1
aniquilar;1
encomendab;1
encomendad;1
alhaj;1
borrador;1
rinden;1
aniquilad;1
encomendar;1
mantuan;1
costezuel;1
mojad;1
disculpar;1
padecen;1
padecer;1
eminent;1
reconociend;1
entregand;1
otorgar;1
acercand;1
privilegi;1
entredich;1
madrugador;1
otorgab;1
lagar;1
rescatarl;1
arrendad;1
entregall;1
desheredad;1
devengar;1
pagaron;1
durabl;1
fianz;1
arzon;1
negad;1
desfigurad;1
cifr;1
granje;1
raridad;1
imaginald;1
mistur;1
arrendar;1
entregarl;1
divinament;1
predicament;1
carnastolend;1
agudez;1
ruto;1
nombran;1
papen;1
azoguej;1
cabller;1
fatigarn;1
saboyan;1
abries;1
lentej;1
predicador;1
vendiend;1
lagartij;1
paladin;1
empinab;1
popa;1
tocast;1
relumbr;1
sinabaf;1
cordelej;1
olmo;1
aceb;1
tornab;1
kirieleison;1
tocarm;1
ducal;1
tornas;1
tocarl;1
conozcan;1
coligiend;1
azpeiti;1
fidedign;1
atalay;1
manual;1
mentironian;1
irn;1
ultramarin;1
inventar;1
alfiler;1
acatamient;1
entonad;1
dormi;1
desolut;1
capuchin;1
estomag;1
concej;1
silvan;1
facinoros;1
faun;1
distributiv;1
concib;1
dividieron;1
recibiend;1
contin;1
encolerizad;1
forjar;1
desabridament;1
ahorr;1
entremetier;1
desabrid;1
andadur;1
entomecen;1
referir;1
visorrey;1
recetad;1
fragat;1
diestr;1
llevasen;1
aprueb;1
tempran;1
amansar;1
trasquilad;1
abrazars;1
despaldad;1
exencion;1
abrazarl;1
desencajarl;1
maravillosament;1
escrebirs;1
atroz;1
milit;1
vaguid;1
cayend;1
sosteng;1
poyo;1
vapor;1
nisl;1
enmendar;1
inacababl;1
movert;1
viviend;1
despacharm;1
malignidad;1
retirarn;1
frontin;1
inventad;1
conquist;1
acos;1
armadur;1
ensillaron;1
sortij;1
ladearm;1
maniatar;1
tantum;1
enternecerm;1
procesion;1
cortaban;1
extraordinariament;1
desemejabl;1
llenaron;1
prometim;1
celebraron;1
tuerz;1
diput;1
consolasen;1
contingent;1
alternativ;1
mantuv;1
lapidari;1
rebell;1
astill;1
comprehend;1
armas;1
compon;1
pasaj;1
ahincad;1
significarm;1
tantic;1
porquer;1
dividiesen;1
malandant;1
restituir;1
malandanz;1
gustab;1
restituid;1
regi;1
fervient;1
vierten;1
facilit;1
anteoj;1
oliver;1
atontad;1
facilitand;1
asestan;1
menudeand;1
rejo;1
temies;1
pasen;1
primor;1
maltrataban;1
alevos;1
alegraron;1
aspad;1
entraran;1
cortadill;1
distinguir;1
distanci;1
pascu;1
eternizar;1
calvatruen;1
vigilanci;1
fuyan;1
refran;1
cuajad;1
propincu;1
fuyad;1
tocin;1
emplear;1
bonic;1
contrat;1
polvoros;1
desfavorecer;1
evidentement;1
pasit;1
castor;1
bastecid;1
detengam;1
destin;1
nogal;1
atribuy;1
animalej;1
faneg;1
grill;1
ofreciend;1
desatinar;1
acontecerl;1
tristement;1
consolab;1
celeridad;1
capirot;1
afanand;1
botecill;1
desatinab;1
consolad;1
enfrias;1
tuvis;1
colmen;1
atambor;1
supieran;1
afeminad;1
callarl;1
gest;1
gurre;1
desfavorecid;1
luce;1
pecher;1
luci;1
embaulaban;1
disponed;1
depositaban;1
consolas;1
bonet;1
sirvieron;1
navegand;1
seiscient;1
gastall;1
fanal;1
meliflu;1
aljamiad;1
solenizad;1
amancebar;1
guant;1
apenin;1
original;1
borrarl;1
ennoblecer;1
puertocarrer;1
depositasen;1
pertenecen;1
villancic;1
desnudarm;1
pinganit;1
echen;1
lucer;1
enviudad;1
ensayars;1
resplandecient;1
excusad;1
renieg;1
maten;1
perdonan;1
remanec;1
pedirm;1
generosidad;1
acardenalad;1
florid;1
perdonab;1
reum;1
perdonad;1
moliend;1
indignad;1
causarm;1
crucifij;1
quebrars;1
destierr;1
enojaban;1
resentirs;1
regocijad;1
grisostom;1
jud;1
selim;1
competient;1
jue;1
enrizad;1
aula;1
echan;1
tendill;1
contadn;1
contadm;1
criban;1
echab;1
desollad;1
ardimient;1
desollar;1
violad;1
penad;1
lazarill;1
cabrit;1
zopir;1
buscan;1
creyeran;1
novecient;1
orill;1
amanecen;1
ajedrez;1
olicant;1
vomitas;1
trasladarl;1
forzab;1
blacur;1
pegarl;1
maciz;1
quebrand;1
acreditasen;1
teribl;1
cornej;1
pajecill;1
recompensall;1
simulacr;1
descolorid;1
encargab;1
inclinand;1
escuchast;1
encargas;1
acribar;1
berrocal;1
sien;1
penas;1
pesadill;1
sahumeri;1
alegad;1
traducirl;1
guardian;1
penetrad;1
agraviab;1
apropiad;1
palpabl;1
report;1
inhumanidad;1
fragant;1
auto;1
sobrepuj;1
sobradis;1
bailar;1
agorer;1
abundos;1
tiron;1
trasladall;1
torciend;1
contramin;1
luminari;1
poquit;1
garbanz;1
adjunt;1
fingimient;1
malhadad;1
desembarazar;1
sofistic;1
restaurars;1
tocan;1
acetaron;1
tabarc;1
tocas;1
heredas;1
hocicand;1
trajan;1
defensor;1
renovand;1
escuchall;1
acabarl;1
hile;1
episodi;1
zaheriend;1
plettr;1
loabl;1
rimer;1
vivim;1
sigam;1
complut;1
enviall;1
desmayab;1
ariost;1
falsedad;1
arcabuzaz;1
sima;1
huyeron;1
desatad;1
rescatasen;1
silo;1
desatab;1
remient;1
volteaban;1
vaso;1
aumentan;1
interveng;1
romanizad;1
desatam;1
sila;1
enviarl;1
declara;1
cornad;1
lorig;1
absuelv;1
alongad;1
imposibilitar;1
molieron;1
exceder;1
exceden;1
inquiries;1
discord;1
albaneg;1
despertast;1
ilud;1
escarlat;1
injustament;1
paras;1
vivid;1
conocim;1
despertarl;1
entended;1
paran;1
redujeron;1
ahijad;1
hojeand;1
firmar;1
llevaran;1
acomeiter;1
correspondies;1
revolvers;1
enviart;1
moler;1
sangrient;1
tirar;1
tiran;1
jugueton;1
topasen;1
sirt;1
descubrieran;1
agradecem;1
intact;1
asieron;1
derrib;1
besarl;1
mesurad;1
gigantill;1
sirg;1
forzud;1
felician;1
salvaj;1
entendim;1
parez;1
parej;1
apacar;1
desistir;1
firmel;1
estiman;1
embauland;1
departid;1
poerqu;1
yantar;1
enhil;1
conformab;1
utriqu;1
aves;1
pulen;1
acetaban;1
lamentacion;1
matan;1
llamast;1
naufragi;1
criador;1
inestabl;1
fracasar;1
palafox;1
acabadm;1
meoll;1
matas;1
informand;1
dudaban;1
llamarm;1
revolviend;1
escogies;1
monicong;1
informall;1
encatament;1
montoncill;1
aviv;1
traspasad;1
licit;1
adelf;1
mirasen;1
apellidad;1
sirviend;1
aseguran;1
asegurab;1
ropill;1
pluvi;1
montalban;1
estirad;1
avil;1
entregaron;1
semidoncell;1
reproch;1
sacan;1
almej;1
afligirs;1
afligirt;1
leid;1
leim;1
ofuscan;1
astolf;1
ternur;1
atribuirm;1
atribuirl;1
interrumpies;1
maltratar;1
maltratad;1
traslaen;1
ataron;1
algarb;1
gratificad;1
reverenciar;1
cachopin;1
celebran;1
celebrar;1
solen;1
encomendabaq;1
descubrirt;1
matador;1
celebrab;1
ocupab;1
bebed;1
conservan;1
mayordom;1
lanzand;1
venenos;1
apostar;1
pilot;1
aullid;1
ocupar;1
cortador;1
logras;1
cargan;1
observanci;1
perseguir;1
bofetad;1
disimuland;1
picand;1
propon;1
lalanz;1
afrentab;1
zagalej;1
besam;1
algali;1
leon;1
acident;1
volador;1
defiend;1
estupend;1
hacem;1
detenell;1
debilidad;1
ponem;1
caletr;1
digresion;1
purgar;1
poned;1
onza;1
brutesc;1
anduvim;1
imit;1
bebam;1
capital;1
fuen;1
quist;1
erat;1
detenern;1
detenerl;1
despojars;1
ligadur;1
herbos;1
macang;1
eras;1
destierran;1
daraid;1
erad;1
vagabund;1
quedaran;1
yelan;1
afrentad;1
leve;1
bolich;1
declarasen;1
varon;1
rematadament;1
vagamund;1
quep;1
chufet;1
encuadernad;1
fuit;1
persuadid;1
ensalz;1
impiden;1
confesand;1
merez;1
soslay;1
escogiend;1
pollinesc;1
ballen;1
almendr;1
desconcertad;1
atenid;1
muzaraqu;1
paseand;1
respondiesen;1
pergeni;1
mejoran;1
pegadiz;1
mejorar;1
emplastaron;1
abalanz;1
barbech;1
murier;1
zoca;1
prese;1
muries;1
terner;1
cimitarr;1
rocabertis;1
pretin;1
lid;1
rescata;1
sospechar;1
lig;1
miraron;1
lis;1
estimaran;1
liz;1
priost;1
sobrenatural;1
florecient;1
demuestran;1
breton;1
recoge;1
pusieran;1
aprovechas;1
desgajar;1
carec;1
morgant;1
miau;1
dolenci;1
timonel;1
conjeturand;1
pall;1
cordal;1
afliccion;1
funest;1
escaramuz;1
atravesarl;1
conjuraran;1
manriqu;1
desasir;1
mide;1
macabe;1
judicial;1
bayard;1
desculpab;1
tarquin;1
loa;1
solaz;1
solar;1
destruill;1
gastab;1
lot;1
polill;1
proa;1
procuraban;1
pacadill;1
clim;1
dignament;1
cargars;1
labrand;1
comers;1
catilin;1
defienden;1
gastas;1
hobies;1
rezand;1
quici;1
destruirn;1
dilatar;1
costarm;1
facion;1
complacert;1
dilatas;1
matorral;1
desencantas;1
ochocient;1
conseguirl;1
violentament;1
culpan;1
culpar;1
abatanar;1
pasears;1
ahorraran;1
estiren;1
patriarc;1
mostred;1
atraerl;1
exceptuar;1
cantaron;1
cencerr;1
caraculiambr;1
facilment;1
soldars;1
esfogu;1
esconder;1
allan;1
imitador;1
dentellear;1
pata;1
acredit;1
rondill;1
honrarm;1
honrarl;1
celab;1
tenebros;1
mienten;1
miraren;1
animos;1
valiesen;1
cavand;1
fiador;1
tardaban;1
aborrascad;1
ayunas;1
sobredich;1
rastrillad;1
omecill;1
dijimosl;1
malherid;1
defendid;1
ofrezcan;1
tapiasen;1
acaec;1
pensaron;1
encerraron;1
dudab;1
jurab;1
ablandab;1
dudam;1
rinconet;1
ayudador;1
persuadies;1
facineros;1
millon;1
encajall;1
descompostur;1
cocher;1
corcov;1
ignor;1
arrojan;1
arrojad;1
roband;1
invenerabl;1
cantaban;1
perded;1
mentill;1
lirgande;1
quedasen;1
altisonant;1
faldament;1
esparcieron;1
mag;1
convenibl;1
divinidad;1
libre;1
enderec;1
batane;1
sanidad;1
criaban;1
descargad;1
dromedari;1
acreditars;1
acreditart;1
fees;1
pensaren;1
estricot;1
saldrem;1
contingenci;1
tesali;1
convent;1
conveng;1
acorriesen;1
eclipsad;1
minand;1
alojem;1
desuellacar;1
legitim;1
varill;1
med;1
volvim;1
meg;1
aventajaban;1
pepin;1
horquill;1
arrullar;1
concedier;1
derramarm;1
concluyent;1
eser;1
desestimar;1
atrancar;1
toledan;1
castigand;1
posesiv;1
destruyes;1
taleg;1
mandarm;1
fundir;1
quejos;1
carbunc;1
velas;1
rastrear;1
invent;1
destruyen;1
espaciosidad;1
vigor;1
mig;1
robast;1
alselm;1
plasmador;1
herrer;1
mir;1
benign;1
patad;1
alojan;1
mantellin;1
desaparecer;1
ventill;1
polid;1
castigarm;1
suavidad;1
atribuyan;1
matars;1
impus;1
impur;1
perdim;1
revuelv;1
humanidad;1
chusm;1
pestilent;1
nigromanci;1
groser;1
pater;1
perdoneis;1
homecill;1
mandall;1
presid;1
retar;1
premian;1
trajeron;1
enterars;1
tacharl;1
atronab;1
insul;1
efetuas;1
enterarm;1
efetuar;1
senal;1
impacient;1
avies;1
cortab;1
carnemomi;1
mot;1
pronunci;1
correspondiesen;1
cortar;1
diciendol;1
escapan;1
escapas;1
escapar;1
fustan;1
trazand;1
firmement;1
escapad;1
yerran;1
cimient;1
holgadament;1
diabol;1
bofeton;1
guitarr;1
apuntad;1
malnacid;1
matarm;1
extenders;1
placerdemivid;1
asegurars;1
tomaban;1
negrur;1
biencriad;1
aventajaron;1
esgrimir;1
velet;1
aprendid;1
embajador;1
preguntam;1
negarm;1
aturdid;1
desenfadad;1
rayab;1
tundid;1
azogad;1
preguntab;1
sanchuel;1
blandeand;1
recit;1
firmaron;1
acometies;1
borbollon;1
encubrirsel;1
herrad;1
conocieran;1
argoll;1
reiterar;1
avien;1
ufanart;1
retir;1
valieron;1
crujir;1
deparad;1
hondonad;1
enfrenad;1
opus;1
deparar;1
deparas;1
colar;1
despedill;1
enfrenas;1
desvanecid;1
colch;1
hurtad;1
bautic;1
arrojasen;1
escabros;1
vapulamient;1
sonor;1
enflaquec;1
antonomasi;1
derramab;1
zoroast;1
ribet;1
amanezc;1
vacil;1
inhabilitad;1
excesivament;1
remediaron;1
lombardi;1
marchit;1
obligasen;1
cenand;1
albrac;1
serenar;1
abrid;1
abrig;1
famili;1
rotur;1
abril;1
perturben;1
ejecutall;1
jald;1
desatarl;1
arpiller;1
visiten;1
acercad;1
pescozad;1
memorabl;1
inocent;1
alborotasen;1
jant;1
cernid;1
etas;1
moral;1
ries;1
inmundici;1
riet;1
aguj;1
baptizall;1
remirarl;1
escurecerl;1
ingenier;1
invit;1
comunicand;1
amabl;1
definitiv;1
rotoland;1
reclus;1
acuestan;1
anden;1
acometerl;1
navegu;1
despedirt;1
rige;1
trechel;1
municion;1
ayudaron;1
visitad;1
visitab;1
gustaron;1
sufran;1
ejecutarm;1
perdonall;1
parroqui;1
urre;1
procesad;1
desotr;1
enjaulasen;1
mudars;1
acuci;1
torm;1
envidar;1
cenaban;1
monsiur;1
tort;1
atraen;1
medir;1
heracli;1
ecet;1
jasp;1
abras;1
villadieg;1
femad;1
papill;1
echo;1
corbet;1
comenzarem;1
nin;1
rigurosament;1
refrigeri;1
caprichos;1
desaconsejaban;1
retiraron;1
mecin;1
requiriend;1
avergonzad;1
desarmad;1
quintanar;1
intentad;1
lagart;1
perezcan;1
mayoral;1
mueven;1
continuament;1
merecer;1
perse;1
antecedent;1
aporreant;1
persuadirm;1
oyesen;1
bendicion;1
ahondar;1
escalon;1
enderazan;1
barranc;1
datilad;1
palmadic;1
sencillez;1
cociner;1
pedrisc;1
suenen;1
sosegasen;1
sintiend;1
sepultad;1
indigestion;1
ayes;1
temblar;1
prueben;1
prevenirs;1
ficisteis;1
fortific;1
gastaban;1
carguem;1
remediaran;1
prevenirl;1
desenvueltament;1
resultar;1
colon;1
liebr;1
cirujan;1
pensars;1
resultab;1
colij;1
aplacar;1
relinchar;1
aprisionad;1
temblor;1
martill;1
ahechand;1
amarl;1
guadalajar;1
catay;1
ambicios;1
cogieron;1
dispensacion;1
determinar;1
desataban;1
avisarm;1
avisarl;1
aspirar;1
agraviarl;1
anochecen;1
fortificab;1
enterrars;1
usas;1
estienden;1
enterrarm;1
concederl;1
fortifican;1
patead;1
avisart;1
medrarem;1
fortificas;1
nud;1
delicadez;1
corbach;1
nuz;1
lagrim;1
ayudarem;1
hered;1
desentonad;1
orient;1
estatuid;1
acordars;1
levent;1
procuram;1
remojad;1
fuerzan;1
descuidasen;1
vituper;1
contrapunt;1
ubed;1
pactol;1
soltarl;1
ahog;1
engastad;1
permiten;1
levadiz;1
vaquer;1
presumir;1
perec;1
escarmenas;1
foraster;1
levantall;1
bodoqu;1
rusticidad;1
disparar;1
castiguen;1
recrears;1
desasosegar;1
cupies;1
anterior;1
disparad;1
veld;1
birretill;1
campanari;1
colchad;1
porfiad;1
tejid;1
dogmatizador;1
rodeen;1
valerm;1
ganaban;1
vens;1
vellori;1
soltand;1
ahorrad;1
permitir;1
jerezan;1
desechad;1
alancear;1
desechab;1
encontrab;1
pareciol;1
signific;1
graband;1
valladolid;1
atravesand;1
ejecutab;1
madrug;1
feliz;1
tratall;1
felip;1
golosin;1
aportar;1
posader;1
perez;1
sucint;1
cenas;1
pisand;1
quiroci;1
manotad;1
manose;1
pintan;1
pintab;1
ayun;1
levantast;1
plegar;1
truhan;1
malament;1
cruzad;1
vern;1
verm;1
guiars;1
rascar;1
publiqu;1
metal;1
preciab;1
abajen;1
departier;1
ovidi;1
hallasen;1
propiament;1
imperfet;1
ditad;1
representaban;1
librarl;1
librarm;1
perit;1
bizarr;1
torniscon;1
inocenci;1
apacentand;1
gigantesc;1
enamorars;1
tantead;1
cabalgab;1
recamar;1
contender;1
tratand;1
devorador;1
usqu;1
moncad;1
tratant;1
importunaban;1
volcar;1
decoraban;1
convidas;1
amenazan;1
reprensentall;1
opuest;1
incesant;1
abencerraj;1
baciyelm;1
tornarem;1
proverbi;1
contrastand;1
oig;1
blas;1
enlazad;1
enlazab;1
codo;1
cadenill;1
tratarm;1
hechiz;1
representarm;1
cruzar;1
enojar;1
representasen;1
murmurador;1
esperant;1
convidad;1
salirm;1
redundan;1
enojall;1
aporrear;1
azar;1
redundas;1
salirs;1
sobrevenid;1
suspenders;1
aporreab;1
merecies;1
soltaban;1
venen;1
alegren;1
oll;1
peleab;1
pelead;1
padrastr;1
descoger;1
peleam;1
depositand;1
trocaron;1
redundab;1
renovab;1
corcobad;1
ateng;1
incurabl;1
convidaron;1
caracol;1
desatadl;1
enajenad;1
islill;1
vengu;1
ond;1
liab;1
muchedumbr;1
conversab;1
marruec;1
zaga;1
ausentasen;1
orin;1
carton;1
recambi;1
pleit;1
coje;1
estranjer;1
mudaban;1
embrazad;1
cerrasen;1
hinchad;1
sembrar;1
eligros;1
gentilidad;1
sembrab;1
sembrad;1
coim;1
incentiv;1
allanand;1
condenaron;1
meson;1
cerraban;1
zale;1
sonrieron;1
almari;1
caser;1
retorn;1
reves;1
arcadi;1
columbr;1
querers;1
atropellar;1
regirl;1
pupil;1
pavor;1
discurriend;1
administrar;1
fingidament;1
rastre;1
atropellad;1
fabricab;1
desesperaban;1
descubrier;1
danz;1
voluntari;1
frasis;1
gallipav;1
garranch;1
olorcill;1
semient;1
esponj;1
arpad;1
adevinab;1
despenar;1
llanur;1
faltart;1
convidand;1
copa;1
ajustar;1
antor;1
enciend;1
sepad;1
corn;1
hermosean;1
nori;1
portazg;1
cose;1
comediant;1
mesur;1
zarz;1
corran;1
semejan;1
malaventurad;1
corv;1
holgad;1
nizarani;1
juzgaran;1
eurial;1
enturbiar;1
alegras;1
holgas;1
pulgar;1
holgar;1
linc;1
note;1
estimarm;1
estimars;1
capellin;1
cartuj;1
coto;1
lino;1
ahorcars;1
malefici;1
quereis;1
ibans;1
suspendieron;1
lastim;1
lima;1
repartiend;1
soltasen;1
mutati;1
persigu;1
clarin;1
mameluc;1
descubrill;1
aina;1
atrozment;1
atravies;1
conej;1
chipr;1
enriquecer;1
ofrecell;1
asenderead;1
nazcan;1
anochecies;1
taraz;1
aprobi;1
encarecen;1
atendim;1
inquirir;1
pompos;1
ganab;1
carcajon;1
felici;1
rodeand;1
prendiesen;1
molesti;1
cogies;1
obedient;1
liri;1
tribunal;1
arrancad;1
rugel;1
intrincad;1
espresad;1
cavab;1
estacion;1
saltear;1
paniaguad;1
profesab;1
enriquecid;1
eternizarl;1
profesar;1
afabilidad;1
orza;1
sotavent;1
despotriqu;1
faltarm;1
faltarl;1
extienden;1
robaron;1
pat;1
cancioner;1
yunqu;1
encorporad;1
liso;1
gusanill;1
indisolubl;1
botic;1
lisa;1
conch;1
bocin;1
navegab;1
navegad;1
sublimad;1
allegad;1
rugir;1
navegam;1
determin;1
responden;1
pean;1
trasudand;1
compusieran;1
profesen;1
limpiars;1
pastoral;1
tiquitoc;1
limpiarl;1
brandabarbaran;1
limpiarm;1
encogid;1
confesarem;1
erizaron;1
empujab;1
ocupacion;1
mancill;1
entendieron;1
traduj;1
plieg;1
derribaron;1
numanci;1
sonars;1
pes;1
osam;1
pez;1
recatars;1
aforr;1
extiendan;1
aprobar;1
volvert;1
acostumbr;1
tobill;1
promontori;1
entrem;1
tomill;1
violenci;1
inmens;1
rezar;1
porfiand;1
hallarem;1
determinars;1
encarecid;1
aguardasen;1
amainar;1
sonant;1
acondicionad;1
acostasen;1
profesor;1
recatand;1
matalotaj;1
disgustad;1
acobardaban;1
botan;1
absolut;1
despertador;1
mostrasen;1
traspus;1
huelan;1
milici;1
pulirt;1
aventurab;1
volvern;1
sesteand;1
emboscars;1
vivament;1
esculpid;1
italian;1
divisaban;1
aplacaron;1
componers;1
amenazaban;1
curarem;1
muestren;1
ahogall;1
pudriesen;1
razonar;1
ligad;1
requerid;1
cargaban;1
desearon;1
ocultarl;1
emprendid;1
rematan;1
ahogand;1
satisficier;1
rematad;1
incapaz;1
procedid;1
sedient;1
remolin;1
pos;1
piedeamig;1
pene;1
felicement;1
escard;1
arbol;1
correspondenci;1
encarecell;1
colgar;1
destroncad;1
empapad;1
lepant;1
cazarl;1
encantan;1
revient;1
acaecid;1
mereciesen;1
cautivar;1
perfumad;1
yacen;1
pregon;1
cautel;1
cautivan;1
clerical;1
yacer;1
peon;1
procurarl;1
embelesamient;1
espartafilard;1
acabarem;1
acarrean;1
median;1
caluros;1
vestigi;1
disminuirs;1
emprender;1
vestigl;1
desfacell;1
pers;1
dictad;1
facerl;1
ceremonial;1
poseell;1
sacripant;1
mudan;1
alanceall;1
mudab;1
estorbad;1
estorbab;1
miaulin;1
totalment;1
ossa;1
acedab;1
ferocidad;1
pur;1
juev;1
trovador;1
rescatas;1
acogiesen;1
precedid;1
ejercitast;1
hayad;1
obrad;1
iras;1
admitir;1
rescatab;1
refocilars;1
cristalin;1
miram;1
profesion;1
ramer;1
pasasen;1
acontecen;1
contextur;1
atenuad;1
traedm;1
importunacion;1
infami;1
temem;1
sanarem;1
temen;1
rochel;1
certez;1
adorart;1
acaecen;1
esperam;1
guadarram;1
ejercer;1
intentars;1
poseerm;1
poseerl;1
despojar;1
rehuy;1
tret;1
pelearon;1
irem;1
porci;1
tact;1
esparraguer;1
trocasen;1
describiend;1
decirosl;1
teman;1
escribieren;1
facil;1
pipot;1
igualdad;1
seguimient;1
procurall;1
escasez;1
rastrilland;1
ejercitars;1
acobardad;1
novent;1
arenos;1
cerbin;1
astros;1
promovid;1
fiab;1
jornaler;1
inclinab;1
desbaratar;1
desbaratab;1
desbaratad;1
desenfad;1
briare;1
fortalecer;1
allend;1
desobligaban;1
juli;1
ahorcad;1
acudim;1
ahorcab;1
procurem;1
fregon;1
ahorcar;1
osast;1
regode;1
comet;1
ercill;1
medianoch;1
dejarem;1
planch;1
mudamient;1
reposand;1
astard;1
modesti;1
boyard;1
sobresaltars;1
jure;1
absurd;1
prior;1
juventud;1
matizar;1
atadur;1
compusiesen;1
holgand;1
preveniend;1
trabajos;1
estrechar;1
avisasen;1
troz;1
holgaron;1
sencillament;1
desaguars;1
desmedrad;1
trop;1
brocad;1
causaban;1
idiom;1
lamentars;1
bajab;1
piamont;1
colgand;1
encaminab;1
apuntand;1
entuert;1
arropasen;1
ejercitaban;1
revolver;1
astut;1
mataron;1
significaban;1
embarazos;1
certificars;1
libras;1
llamen;1
tasa;1
adobarl;1
mostru;1
rentad;1
creed;1
fijo;1
irte;1
curaban;1
replicall;1
hopo;1
descalabrad;1
sopa;1
ayuntad;1
satanas;1
incansabl;1
juzg;1
caton;1
tablit;1
imaginaren;1
imaginarem;1
servi;1
perezosament;1
desfallezc;1
costaron;1
filo;1
lindez;1
escrutinador;1
encantandor;1
convenient;1
horn;1
truc;1
ludovic;1
lampaz;1
altivez;1
fortalecen;1
trast;1
defuer;1
fortalec;1
egipt;1
evident;1
enjaularm;1
otil;1
saludaban;1
suplicot;1
meneas;1
ignorand;1
recelarm;1
solicitast;1
trabajab;1
montaban;1
zocodover;1
trabajan;1
distilad;1
grandement;1
burlais;1
trabajas;1
alzamient;1
declar;1
preguntaban;1
menoscaban;1
rodar;1
quijan;1
vomit;1
esquivez;1
principalidad;1
endemoniad;1
agasaj;1
derrumb;1
farset;1
meneab;1
fisg;1
aderezaban;1
sacrilegi;1
comun;1
podeis;1
sudand;1
comier;1
burland;1
ignorast;1
arroparon;1
estuch;1
colorast;1
conflict;1
derribar;1
menoscabasen;1
derriban;1
conquistar;1
causan;1
esquivan;1
miraguard;1
regid;1
triunfant;1
conquistad;1
guzman;1
andarm;1
alcarri;1
desamor;1
porfiarl;1
vereis;1
celebrarl;1
celebrars;1
inmensidad;1
acontecieran;1
truecan;1
desterrarm;1
bullent;1
fizo;1
percibieron;1
sosegaron;1
ibas;1
inhuman;1
quietars;1
respetar;1
medus;1
precipitab;1
arrobamient;1
respondil;1
encargaban;1
escribiend;1
traid;1
comisad;1
espiab;1
probarm;1
oprobi;1
holgars;1
aplac;1
venirs;1
orgullos;1
venirm;1
quitabal;1
nacen;1
seren;1
admirablement;1
apaciguars;1
hinqu;1
depart;1
encendiend;1
admirasen;1
agrad;1
tersan;1
arremetiend;1
osars;1
comim;1
dejen;1
agrav;1
embelesad;1
trujesen;1
bastas;1
buscarm;1
buscarn;1
albrici;1
bastar;1
templad;1
entretuv;1
encubriend;1
sacaran;1
solicitarl;1
encarnad;1
pecar;1
asuel;1
consistan;1
preguntasen;1
gritand;1
proced;1
deleitabl;1
probanz;1
pecab;1
sentist;1
vengarn;1
incendi;1
describ;1
raj;1
ran;1
notand;1
acongojad;1
carici;1
sazon;1
forzarl;1
profet;1
omnipotent;1
alternativament;1
verdur;1
sacall;1
laurcalc;1
entallars;1
impuest;1
lautrec;1
emplastad;1
mendoz;1
pisacort;1
alojarn;1
bbaladr;1
adivinab;1
vivier;1
debist;1
recibier;1
vivies;1
infelic;1
subist;1
duch;1
res;1
tortolill;1
orgull;1
adivinar;1
paropill;1
dijeran;1
forzand;1
turban;1
deshonrar;1
notast;1
deshonran;1
ficiesen;1
calzars;1
luminar;1
distan;1
dudo;1
subirs;1
subirm;1
untad;1
tendim;1
alojand;1
sangran;1
confundan;1
bebier;1
defect;1
ganapan;1
asqueros;1
alaban;1
pisam;1
refier;1
sobresaltas;1
caba;1
entretienen;1
venzan;1
deshonrab;1
acostumbrar;1
guardarn;1
guardarl;1
prosapi;1
crea;1
mostradm;1
nabo;1
ausentas;1
vayam;1
espaciars;1
armars;1
repartid;1
odio;1
trabuc;1
cesad;1
cesan;1
descuidars;1
alab;1
hablaran;1
alan;1
caparum;1
simplez;1
yago;1
artur;1
meters;1
rop;1
sobresaltan;1
lijer;1
alce;1
pobrecill;1
perchel;1
desvias;1
crib;1
dulz;1
desviab;1
captiv;1
neciament;1
embarcarl;1
pudim;1
hartarm;1
trueb;1
acertasen;1
potenci;1
altar;1
oprimir;1
recibirl;1
llamd;1
aleg;1
criar;1
obrast;1
llegars;1
ferir;1
quedand;1
desfaciend;1
armall;1
apocad;1
shaber;1
ufan;1
vido;1
zonzorin;1
calo;1
maldonad;1
seguidm;1
extr;1
acertaban;1
describen;1
vici;1
cala;1
privad;1
certificad;1
templand;1
dornaj;1
rui;1
burlador;1
resquici;1
traduciend;1
ata;1
tijer;1
zurd;1
encaminen;1
encerraban;1
trocall;1
bola;1
fartax;1
aut;1
rubicund;1
concluyesen;1
truch;1
fatigu;1
quedart;1
altill;1
gasabal;1
visitand;1
nape;1
trocand;1
capa;1
infundir;1
caos;1
discretament;1
descarg;1
jerigonz;1
empanad;1
suplicand;1
cortarl;1
auditori;1
enamorasen;1
suplicar;1
curci;1
semejanz;1
bord;1
encojan;1
corrieron;1
mostrarm;1
destetan;1
mostrarl;1
mostrarn;1
pradill;1
admiren;1
ayo;1
asistir;1
curadill;1
engendrar;1
engendrad;1
mosc;1
hablaron;1
convenirl;1
tratas;1
sacast;1
caut;1
nata;1
vile;1
condenarl;1
cate;1
encerrasen;1
aventajas;1
more;1
aciag;1
borl;1
deshogar;1
aventajab;1
cerrab;1
unicorni;1
concordarn;1
ponedm;1
bracman;1
escribirs;1
bizmall;1
afabl;1
garrotaz;1
desorejab;1
boto;1
adquirir;1
deceplinant;1
olivant;1
curan;1
caya;1
insert;1
arder;1
encaminos;1
vios;1
espin;1
espig;1
dejaran;1
montaraz;1
mitigar;1
aguij;1
bajaron;1
viru;1
amanec;1
gratificall;1
vestirl;1
agasajam;1
vestirt;1
rasgar;1
honestament;1
herradur;1
asomaron;1
limosn;1
malindrani;1
dandom;1
desviarn;1
juzgarl;1
acorredm;1
desviars;1
clavaron;1
ministeri;1
montant;1
descontar;1
pierden;1
sec;1
tenor;1
personaj;1
jadeand;1
iberi;1
hender;1
ses;1
destruy;1
column;1
tremol;1
contradig;1
sanson;1
viso;1
balid;1
depositad;1
requebrar;1
enriqueciend;1
prometieron;1
balaz;1
aparten;1
flamant;1
rogast;1
cebarl;1
cansaban;1
inquiet;1
yoguieren;1
altercacion;1
bastaran;1
averiguars;1
acomodarm;1
acomodarl;1
averiguarl;1
escarnecid;1
damasc;1
sig;1
sil;1
tenell;1
eficaz;1
sit;1
marfuz;1
lared;1
cirial;1
fresn;1
proveern;1
dedi;1
pagadl;1
conjur;1
depositen;1
embistier;1
aterrad;1
encanten;1
vizcay;1
onest;1
compararl;1
echadl;1
comparars;1
gibraltar;1
parand;1
escarnecen;1
aliviar;1
festejall;1
clenard;1
mesars;1
recogell;1
ejecutori;1
amas;1
ultimadament;1
sensibl;1
templarl;1
sedan;1
mantearon;1
corriesen;1
circustant;1
son;1
digal;1
merrezc;1
trasladarem;1
dejast;1
pronunciad;1
dejarn;1
resistid;1
cuadrad;1
cecear;1
recuestaban;1
emboscasen;1
brocabrun;1
delt;1
acabamient;1
demandas;1
pagall;1
condenar;1
dulzur;1
abrazamient;1
cursad;1
alimentad;1
veland;1
derretirl;1
renacuaj;1
guill;1
corell;1
endebl;1
estanterol;1
obligarn;1
frenillad;1
lamentar;1
contrech;1
sincer;1
requirier;1
requiries;1
secretari;1
apuest;1
alcovend;1
ganarl;1
aguardarl;1
despejan;1
preguntarn;1
endech;1
castigu;1
alencastr;1
condicion;1
pintiquiniestr;1
mezclar;1
escojan;1
retratad;1
parars;1
melecin;1
capataz;1
maravillars;1
montserrat;1
naval;1
velart;1
idas;1
desnudab;1
extendid;1
trasnochad;1
provocad;1
andaluz;1
preguntant;1
fraternal;1
desnudas;1
cachidiabl;1
milesi;1
montazg;1
consumadament;1
facilitad;1
servirt;1
mortaj;1
preguntand;1
buscador;1
rindiesen;1
muebl;1
valies;1
abrazas;1
vendibl;1
confesad;1
reirs;1
asnalment;1
filid;1
gallin;1
murmuran;1
tufo;1
ordenars;1
guarism;1
goda;1
consumidor;1
piojos;1
echars;1
envasar;1
echarm;1
robl;1
racion;1
goce;1
inadvertidament;1
guiad;1
tuho;1
averiguall;1
tuli;1
curarm;1
obedezc;1
implacabl;1
pareciend;1
asalariad;1
elocuent;1
tiemblan;1
taz;1
maldic;1
reprendid;1
reprocharm;1
causador;1
bustamant;1
manteaban;1
combatisteis;1
pasead;1
zanoguer;1
acogers;1
posar;1
ordenand;1
pasear;1
trabab;1
concertam;1
traban;1
concertar;1
confesas;1
acorrerm;1
ordenanz;1
misiv;1
desmandad;1
tendr;1
bufet;1
