Text;Size
t;592
i;348
r;327
n;257
s;238
l;203
p;184
c;129
d;121
h;90
g;82
f;81
u;81
tika;80
m;77
x;55
k;42
document;33
v;32
new;30
podem;30
https;29
ejempl;27
apach;26
text;23
ficher;23
b;18
ta;18
metadat;18
j;16
pdf;16
rg;16
parser;15
jar;15
metad;14
system;14
or;14
form;13
extraer;12
format;12
app;11
utilizar;11
xml;10
conten;10
and;10
name;10
contenid;10
si;9
distint;9
informacion;9
z;8
encontrar;8
pued;8
podrem;8
og;8
java;8
org;8
outpu;8
salid;8
mime;7
w;7
url;7
aplicacion;7
tipo;7
practic;6
mism;6
permit;6
id;6
gui;6
etc;6
clas;6
entregar;6
xhtml;6
así;6
log;6
web;6
ugr;5
sistem;5
ch;5
thand;5
imag;5
tip;5
digital;5
siguient;5
grafic;5
mas;5
descargar;5
cada;5
use;5
entrad;5
on;5
utilizand;5
lenguaj;5
metod;5
bodyconten;5
realizar;5
program;5
caso;5
frecuenci;5
simpl;5
html;5
sax;5
complet;4
version;4
http;4
partir;4
herramient;4
tml;4
in;4
termin;4
depar;4
hacer;4
tare;4
exampl;4
ln;4
main;4
uso;4
enlaz;4
met;4
pdfparser;4
automatic;4
amen;4
analisis;4
pagin;4
th;4
to;4
incluir;4
considerar;4
libr;4
tamañ;4
type;4
especific;4
contenthandler;4
dat;4
tada;4
proporcion;4
ver;4
codificacion;4
computacion;4
you;3
chxml;3
by;3
eje;3
vist;3
cp;3
textual;3
iso;3
rep;3
encoding;3
parsed;3
ejecutar;3
deteccion;3
length;3
idiom;3
ioma;3
orden;3
interfaz;3
querem;3
fech;3
escrit;3
stream;3
palabr;3
constant;3
ly;3
mode;3
www;3
men;3
control;3
application;3
px;3
confluenc;3
estructur;3
nivel;3
granad;3
asf;3
objetiv;3
cómo;3
tohtmlhandler;3
generic;3
trav;3
proces;3
bien;3
imagen;3
trunk;3
permitiend;3
display;3
tohtmlcontenthandler;3
utilizad;3
pars;3
trabajand;2
formatead;2
encuentr;2
pág;2
xmp;2
ten;2
parametr;2
mayor;2
asignatur;2
metadatanam;2
frank;2
primer;2
ello;2
anterior;2
sólo;2
conjunt;2
ser;2
identificacion;2
toxmlcontenthandler;2
detectar;2
figur;2
component;2
franz;2
nube;2
da;2
represent;2
correct;2
reader;2
apar;2
rgumen;2
pas;2
debe;2
ex;2
pueden;2
mediant;2
sencill;2
desarroll;2
for;2
conteng;2
ge;2
mayori;2
grup;2
obteniend;2
directori;2
apartad;2
context;2
action;2
nam;2
creat;2
verem;2
codig;2
hora;2
dos;2
tlanguag;2
entreg;2
extraccion;2
zipf;2
mund;2
body;2
pxml;2
obtenid;2
utf;2
ream;2
recomiend;2
head;2
extra;2
of;2
debem;2
deben;2
opcion;2
sigu;2
handler;2
csv;2
busqued;2
password;2
pasad;2
trabajar;2
element;2
models;2
ley;2
entiend;2
png;2
caracter;2
xmlparser;2
obtener;2
rm;2
ro;2
nombr;2
cualquier;2
decrecient;2
utiliz;2
ocurrenci;2
cuent;2
vo;2
entender;2
detect;2
identificar;2
ws;2
patron;2
diferent;2
tener;2
plan;2
hace;2
propi;2
extension;2
geo;2
explorand;2
usag;2
ejemplosimpl;2
usan;2
ika;2
date;2
dich;2
comand;2
inputstream;2
tres;2
from;2
tam;2
vez;2
utilizan;2
cabecer;2
podriam;2
line;2
eibe;2
pasa;2
alto;2
almacenad;2
can;2
considerand;2
wid;2
parsetostring;2
generar;2
messag;2
wit;2
poder;2
trabaj;2
parsecontext;2
xls;2
incremen;1
operacion;1
subdirectori;1
implementar;1
pide;1
toda;1
tec;1
dev;1
permiten;1
rag;1
ioexception;1
ejecutand;1
edicion;1
adem;1
despu;1
denominad;1
medi;1
as;1
util;1
paso;1
contribucion;1
much;1
acceder;1
be;1
algoritm;1
importar;1
accedem;1
elaborar;1
relacionad;1
loadmod;1
cen;1
hoja;1
clasifi;1
cer;1
cacion;1
jpeg;1
modificar;1
deleg;1
sep;1
minuscul;1
tipic;1
fase;1
ce;1
tratamient;1
leid;1
fuent;1
hacerl;1
salv;1
sintactic;1
gestion;1
the;1
españ;1
existen;1
igual;1
dc;1
javac;1
offic;1
subtip;1
arañ;1
necesari;1
implement;1
parsearhtml;1
ed;1
especial;1
list;1
determinad;1
verificacion;1
llamam;1
aprendizaj;1
final;1
leopt;1
algun;1
entorn;1
indic;1
indicad;1
ioexcep;1
fr;1
tikaexception;1
analizar;1
softwar;1
organizacion;1
json;1
client;1
tutorial;1
analizan;1
conversion;1
facad;1
ordenad;1
sacandol;1
custom;1
ayud;1
solo;1
adicional;1
grand;1
zitting;1
destacar;1
fork;1
numer;1
ingl;1
asig;1
indicar;1
fachad;1
number;1
defect;1
integridad;1
disponibl;1
pequeñ;1
ir;1
autor;1
crear;1
doc;1
msword;1
consideren;1
proyect;1
odt;1
charset;1
semantic;1
alumn;1
natur;1
ajust;1
save;1
presentacion;1
concret;1
stemmer;1
file;1
hacen;1
known;1
ccia;1
electronic;1
lineal;1
mobi;1
ecuacion;1
acces;1
lacenam;1
ment;1
apropiad;1
octubr;1
probabl;1
com;1
mail;1
ejecutarl;1
modi;1
saxexception;1
dada;1
logo;1
void;1
procesar;1
author;1
tionar;1
throws;1
objet;1
almacenarem;1
idealment;1
were;1
basic;1
keys;1
entrar;1
ordenacion;1
mattmann;1
adjunt;1
analizador;1
cread;1
creaam;1
calcul;1
merec;1
interesad;1
embarg;1
row;1
tructurad;1
titul;1
dado;1
openst;1
imized;1
avanzar;1
cuelgan;1
documental;1
alternativ;1
seccion;1
muestr;1
distribucion;1
ngram;1
inform;1
inclus;1
pasar;1
utilidad;1
lee;1
convirtiend;1
docu;1
seguir;1
vari;1
pasam;1
english;1
api;1
ext;1
comportamient;1
crearem;1
them;1
capaz;1
booth;1
obtenem;1
crawler;1
siempr;1
meta;1
necesariament;1
motor;1
languag;1
mín;1
posicion;1
rss;1
soport;1
castellan;1
quiz;1
art;1
español;1
agrupar;1
one;1
gram;1
valor;1
gran;1
team;1
cest;1
clav;1
clar;1
ppt;1
comerci;1
encriptad;1
ranking;1
facilitand;1
open;1
recurrir;1
podeis;1
representar;1
ice;1
incluid;1
pasem;1
preprocesad;1
opcional;1
internament;1
actualizad;1
parsear;1
xxxxxx;1
recurs;1
perdid;1
va;1
vien;1
pro;1
camp;1
conocer;1
exploram;1
consideram;1
doctyp;1
considerabl;1
internet;1
drop;1
utilizarl;1
centrarem;1
string;1
identificad;1
isbn;1
concept;1
previ;1
recomendacion;1
xmlns;1
proporcionan;1
dand;1
precis;1
normal;1
buscador;1
recuperacion;1
dacion;1
artificial;1
mahout;1
dentr;1
window;1
byt;1
gutenberg;1
bién;1
listad;1
wher;1
consist;1
recomen;1
extraid;1
traen;1
indicand;1
inteligenci;1
presentar;1
vam;1
streams;1
veam;1
atribut;1
chris;1
segur;1
bucear;1
mato;1
word;1
allí;1
tabl;1
determinar;1
potencialidad;1
esperar;1
out;1
eam;1
darem;1
usuari;1
ges;1
wed;1
funcion;1
limitad;1
centrarn;1
more;1
abstract;1
help;1
cerrad;1
width;1
identificador;1
realizam;1
argument;1
drup;1
wiki;1
diseñ;1
indexacion;1
used;1
separ;1
teecontenthandler;1
plain;1
animacion;1
disponem;1
titl;1
tal;1
independient;1
variedad;1
encuentran;1
individual;1
entienden;1
presenten;1
aquell;1
person;1
estadar;1
estructurad;1
cambiar;1
comprobar;1
dará;1
cutand;1
gif;1
part;1
imo;1
principal;1
september;1
ient;1
cas;1
leer;1
localizacion;1
resourcenam;1
generad;1
jukk;1
adds;1
jpg;1
facil;1
debug;1
ordenador;1
multipursos;1
federowicz;1
command;1
ddu;1
archiv;1
consultar;1
sultar;1
septiembr;1
