Text;Size
ut;37
in;24
fringilla;24
vitae;23
sit;23
amet;23
lorem;21
id;21
justo;20
ac;20
quis;20
ipsum;19
aliquam;19
pellentesque;18
pulvinar;18
vel;18
est;17
neque;17
et;17
nunc;16
erat;16
mauris;16
efficitur;15
velit;14
ante;14
mi;14
maecenas;14
fermentum;13
cras;13
vestibulum;12
nulla;12
sed;11
nisl;11
imperdiet;11
lobortis;11
vulputate;11
non;11
eget;11
commodo;10
semper;10
iaculis;10
a;10
morbi;10
nec;10
ligula;10
dui;10
vehicula;9
condimentum;9
eros;9
mattis;9
posuere;9
lectus;9
viverra;9
libero;9
at;8
congue;8
auctor;8
tristique;8
cursus;8
egestas;8
scelerisque;8
varius;8
tellus;8
orci;8
blandit;8
volutpat;7
arcu;7
dolor;7
magna;7
etiam;7
eleifend;7
euismod;7
nullam;7
lacinia;7
purus;6
per;6
luctus;6
laoreet;6
duis;6
ultricies;6
tincidunt;6
ornare;6
placerat;6
sapien;6
sagittis;6
facilisis;6
dignissim;6
venenatis;6
pretium;6
mollis;5
ullamcorper;5
porttitor;5
vivamus;5
molestie;5
eu;5
ex;5
tortor;5
fusce;4
convallis;4
elit;4
odio;4
felis;4
sollicitudin;4
aenean;3
leo;3
ad;3
urna;3
sociosqu;3
taciti;3
aptent;3
conubia;3
inceptos;3
dictum;3
metus;3
quam;3
turpis;3
himenaeos;3
maximus;3
torquent;3
donec;3
nostra;3
enim;3
facilisi;3
litora;3
lacus;3
class;3
suspendisse;3
aliquet;3
sodales;2
sem;2
dapibus;2
diam;2
interdum;2
nisi;2
praesent;2
malesuada;2
suscipit;2
adipiscing;2
accumsan;2
integer;2
faucibus;2
massa;2
tempus;2
risus;2
curabitur;2
consectetur;2
embed;1
libreoffice;1
unknown;1
chartdocument;1
