Text;Size
de;128
la;56
los;45
que;39
y;38
a;37
el;37
en;32
se;25
es;24
para;23
un;20
las;18
o;16
una;11
datos;11
seguridad;11
con;10
por;10
ha;9
del;8
información;8
entidad;7
fraude;7
ataques;7
ser;6
usuarios;6
ideal;6
si;6
caso;6
como;6
nacional;6
granada;6
civil;5
lo;5
no;5
acceso;5
su;5
cualquier;5
hay;5
así;5
guardia;5
este;5
posible;4
denunciar;4
hacer;4
com;4
uso;4
servicios;4
tarjeta;4
están;4
han;4
sector;4
pago;4
phishing;4
según;4
contraseñas;4
esta;4
además;4
autenticación;4
financiera;3
al;3
estos;3
primer;3
sea;3
j;3
m;3
claves;3
objetivos;3
dinero;3
incibe;3
sobre;3
más;3
digital;3
uno;3
ciberdelincuentes;3
banco;3
funcas;3
doble;3
identidad;3
sido;3
ataque;3
ciberfraude;3
bancario;3
año;3
primero;3
casos;3
sistemas;3
bancaria;3
antivirus;3
correo;3
suelen;3
técnicas;3
manera;3
medidas;3
sánchez;3
también;3
ya;3
tener;3
contactar;3
policía;3
web;3
operaciones;3
principales;3
robo;3
cambiar;3
nuestras;3
consumidores;3
cuenta;3
disposición;3
gente;2
ciberseguridad;2
mayor;2
averiguar;2
paso;2
culturas;2
fraudulento;2
informática;2
último;2
credenciales;2
pasos;2
cf;2
c;2
detectar;2
todo;2
s;2
existen;2
juzgados;2
deportes;2
ellos;2
apunta;2
corporación;2
nuestra;2
legal;2
daswani;2
planes;2
debe;2
riesgo;2
digitales;2
confidencial;2
víctima;2
mundo;2
precauciones;2
mejor;2
expertos;2
andalucía;2
bancarias;2
hora;2
dos;2
ciberataques;2
estimaciones;2
medios;2
vocento;2
recomiendan;2
son;2
comunicación;2
contenidos;2
trata;2
media;2
forma;2
total;2
puede;2
utilizadas;2
aunque;2
suplantación;2
españa;2
aumento;2
tus;2
seguir;2
ley;2
mecanismos;2
política;2
objeto;2
otras;2
sus;2
incluyendo;2
email;2
contacto;2
experto;2
empresas;2
todos;2
semestre;2
diarios;2
estilo;2
sufrir;2
puesta;2
expresa;2
pagos;2
denuncia;2
entidades;2
contenido;2
pero;2
nuevos;2
finanzas;2
compartir;2
otra;2
país;2
desarrollado;2
reproducción;2
sociedad;2
tecnología;2
electrónico;2
economía;2
bancarios;2
ante;2
través;2
bizum;2
producen;2
particular;2
facilitado;2
dirección;2
general;2
consultar;2
siguientes;1
operación;1
huelva;1
juicio;1
vía;1
suplantar;1
toda;1
marca;1
integrados;1
recibir;1
asegurar;1
funcionamiento;1
verificar;1
visto;1
accesible;1
prensa;1
refuerzo;1
pautas;1
instituto;1
conscientes;1
situación;1
está;1
fines;1
haciéndose;1
siempre;1
autorización;1
expuestos;1
acceder;1
comerciales;1
ello;1
sociedades;1
factores;1
elcomercio;1
exponencial;1
dejar;1
virus;1
anterior;1
después;1
descargados;1
hoy;1
disparado;1
guapabox;1
aplicaciones;1
modificar;1
oficial;1
investigación;1
muchas;1
clave;1
abc;1
minimiza;1
medicina;1
f;1
i;1
experimentando;1
obliga;1
unión;1
obligada;1
financiero;1
novedades;1
u;1
reservados;1
pequeñas;1
capturar;1
igual;1
mandan;1
cancelar;1
alcanza;1
repeler;1
parte;1
dirigidos;1
pertinentes;1
ámbito;1
queda;1
archivos;1
smishing;1
debo;1
ciudadanos;1
falsas;1
verificación;1
llamar;1
secuestren;1
enfrentarse;1
montañés;1
robarnos;1
mujerhoy;1
informáticos;1
interanual;1
lucrativos;1
content;1
detección;1
dudas;1
brigada;1
redacción;1
sin;1
mercantil;1
oportunas;1
oferplan;1
voz;1
infectado;1
incluya;1
duplicar;1
somete;1
organismos;1
tlf;1
claro;1
identidades;1
maliciosos;1
micro;1
folio;1
he;1
suplantando;1
seguro;1
intrusiones;1
saber;1
autocasión;1
robados;1
supuesto;1
pueda;1
manteniendo;1
reduce;1
contención;1
canales;1
realizado;1
ir;1
tipos;1
abcdesevilla;1
banca;1
bloquear;1
daños;1
procedimiento;1
ampliado;1
sms;1
distintos;1
pública;1
consultora;1
escrita;1
éstos;1
extremen;1
portales;1
movimientos;1
tomo;1
reforzada;1
unidad;1
detener;1
hacker;1
acaba;1
aquellos;1
anular;1
delante;1
usa;1
llamada;1
aportando;1
grupo;1
asegra;1
vías;1
etc;1
recopilar;1
entre;1
libro;1
infraestructura;1
activos;1
real;1
todas;1
proteger;1
sospechoso;1
dotadas;1
leonoticias;1
aviso;1
pidiendo;1
inscripción;1
fuertes;1
multas;1
evitar;1
nuestros;1
desactivar;1
protegidos;1
ponerla;1
adaptación;1
tarjetas;1
diariovasco;1
tecnológica;1
deben;1
consejos;1
medio;1
responsable;1
cibercriminales;1
tecnológico;1
notificación;1
publicidad;1
veces;1
conseguir;1
intenta;1
haya;1
distribución;1
mera;1
ayuda;1
sección;1
online;1
proveedor;1
octubre;1
conocimiento;1
recomendable;1
europea;1
directa;1
pasar;1
unos;1
sirve;1
grandes;1
recuperar;1
sentido;1
bloquee;1
sofisticado;1
destinada;1
tales;1
estafado;1
independiente;1
transferencia;1
modificando;1
defensa;1
capaz;1
muchos;1
importante;1
idealdigital;1
intentar;1
perdidos;1
rioja;1
manejar;1
nivel;1
riesgos;1
persigue;1
móvil;1
fundamental;1
asesor;1
prueba;1
cargos;1
mejorar;1
protegerse;1
cookies;1
privacidad;1
sur;1
común;1
voluntaria;1
generaron;1
popular;1
registrales;1
cosas;1
malware;1
señala;1
derechos;1
resúmenes;1
te;1
oposición;1
deepak;1
algo;1
tu;1
prácticamente;1
habitual;1
indirectamente;1
ciberdelincuent;1
personales;1
único;1
mensajes;1
calcula;1
internauta;1
provincias;1
comunes;1
cómo;1
periódica;1
pisos;1
protege;1
va;1
aplicación;1
financieras;1
mediante;1
engaño;1
delitos;1
mapa;1
años;1
actuar;1
seguros;1
internet;1
últimos;1
descuentos;1
encargadas;1
detecta;1
distinguir;1
provocar;1
robar;1
gasto;1
emplea;1
utilización;1
central;1
oficina;1
aún;1
engañar;1
factor;1
peligros;1
euros;1
servicio;1
medida;1
junio;1
ponerse;1
registro;1
sofisticadas;1
ransomware;1
contraseña;1
regulación;1
tipo;1
ético;1
trend;1
iniciación;1
sistema;1
prohibida;1
rellenen;1
revistas;1
plataformas;1
funcasqué;1
enlaces;1
emplean;1
relevante;1
previa;1
pruebas;1
presentar;1
cuerpos;1
cuyo;1
usarla;1
polígono;1
tercer;1
septiembre;1
cortafuegos;1
norte;1
parches;1
intervenido;1
informativo;1
electrónica;1
confianza;1
introducido;1
millones;1
cuentas;1
ayudar;1
dificultad;1
sensible;1
constantemente;1
reducen;1
hasta;1
código;1
hecho;1
aquí;1
reconocen;1
grupos;1
existe;1
convirtiéndose;1
pretende;1
fortificar;1
estafa;1
secuestro;1
traslada;1
usar;1
validación;1
xlsemanal;1
condiciones;1
diseñadas;1
cuestión;1
manifiesta;1
esto;1
diario;1
parcial;1
ilícita;1
crédito;1
número;1
utilizando;1
aplicando;1
exponer;1
engañado;1
tomar;1
normativa;1
reseñas;1
clientes;1
exponen;1
difícil;1
orientadas;1
páginas;1
aumentado;1
utilizar;1
telemáticos;1
afectado;1
elaboración;1
depender;1
fraudulentas;1
castilla;1
implantar;1
gocen;1
sencillo;1
empresa;1
siguiendo;1
sospecha;1
pone;1
devolver;1
indicio;1
momento;1
principal;1
muy;1
debemos;1
aprender;1
requisitos;1
desproporcionadamente;1
actualizados;1
prudencia;1
fuerzas;1
ningún;1
temas;1
infoempleo;1
bancos;1
contra;1
registrado;1
factory;1
laverdad;1
auditorías;1
agujero;1
poder;1
mitigar;1
dispositivos;1
informar;1
modalidad;1
prevención;1
