Text;Size
t;595
e;482
a;400
i;348
r;327
n;257
s;238
o;222
l;203
p;184
de;149
c;129
d;121
tika;102
h;90
g;82
f;81
u;81
m;77
el;73
en;66
la;61
que;56
x;55
apache;51
y;47
un;45
k;42
los;38
v;33
del;33
org;32
podemos;31
new;30
https;29
es;26
para;25
se;24
como;23
parser;22
por;20
texto;19
b;18
ta;18
fichero;18
pdf;17
j;16
con;16
una;16
rg;16
las;15
jar;15
ejemplo;15
system;14
metada;14
nos;14
or;14
html;14
forma;13
documento;13
metadatos;13
extraer;12
ejemplos;12
app;11
name;11
documentos;11
xml;10
conten;10
and;10
contenido;10
este;10
java;9
document;9
utilizar;9
lo;9
si;9
información;9
w;8
z;8
formato;8
podremos;8
ugr;8
encontrar;8
distintos;8
www;8
og;8
outpu;8
puede;7
xhtml;7
tipo;7
mime;7
al;7
sobre;7
más;7
url;7
salida;7
permite;6
donde;6
gui;6
etc;6
entregar;6
así;6
log;6
web;6
id;6
le;6
no;6
práctica;6
type;6
ficheros;6
formatos;5
aplicaciones;5
thand;5
cada;5
com;5
caso;5
simple;5
lenguaje;5
sax;5
ch;5
image;5
digitales;5
clase;5
frecuencia;5
tipos;5
mas;5
descargar;5
gráfico;5
use;5
pdfparser;5
on;5
metadata;5
bodyconten;5
realizar;5
entrada;5
esto;5
utilizando;5
example;4
http;4
tml;4
hemos;4
siguiente;4
análisis;4
hacer;4
datos;4
png;4
pero;4
contenthandler;4
tada;4
codificación;4
página;4
computación;4
partir;4
in;4
depar;4
tamaño;4
ln;4
main;4
uso;4
me;4
libro;4
met;4
amen;4
th;4
to;4
incluir;4
considerar;4
enlaces;4
método;4
proporciona;4
ver;4
menos;3
versión;3
visto;3
chxml;3
eje;3
textual;3
todo;3
confluence;3
iso;3
herramienta;3
encoding;3
parsed;3
formats;3
detección;3
decsai;3
ioma;3
orden;3
interfaz;3
escrito;3
mode;3
application;3
nivel;3
objetivo;3
asf;3
mismos;3
fecha;3
tohtmlhandler;3
tareas;3
bien;3
trunk;3
cwiki;3
cuando;3
display;3
través;3
queremos;3
proceso;3
you;3
sea;3
by;3
cp;3
ejecutar;3
sin;3
length;3
parse;3
constantes;3
uno;3
completo;3
text;3
repos;3
stream;3
ly;3
son;3
control;3
sistemas;3
px;3
ejemplosimple;3
su;3
svn;3
cómo;3
gutenberg;3
tutorialspoint;3
permitiendo;3
examples;3
palabras;3
estructura;3
tanto;3
tohtmlcontenthandler;3
automática;3
esta;3
granada;3
programas;3
caracteres;2
idioma;2
metadatanames;2
pág;2
xmp;2
explorando;2
ten;2
mayor;2
estos;2
está;2
conjunto;2
pasos;2
pasado;2
toxmlcontenthandler;2
identificación;2
detectar;2
francés;2
reader;2
podríamos;2
rgumen;2
será;2
directorio;2
cabeceras;2
tlanguage;2
extracción;2
apartado;2
names;2
body;2
pxml;2
representa;2
desde;2
correcto;2
línea;2
deben;2
considerando;2
términos;2
csv;2
password;2
models;2
ley;2
obtener;2
veremos;2
parámetro;2
entiende;2
encuentra;2
imagenes;2
asignatura;2
recomienda;2
mediante;2
detecta;2
usage;2
obteniendo;2
utiliza;2
utilizará;2
componentes;2
mayoría;2
usan;2
sencilla;2
inputstream;2
tres;2
utilizan;2
pasa;2
alto;2
wid;2
generar;2
wit;2
parsecontext;2
mismo;2
estamos;2
plano;2
frank;2
ello;2
anterior;2
sólo;2
ser;2
nube;2
da;2
entrega;2
debe;2
ex;2
pueden;2
genérica;2
for;2
content;2
ge;2
mundo;2
decreciente;2
utilizado;2
action;2
hora;2
dos;2
zipf;2
elementos;2
extrae;2
trabajo;2
utf;2
dichas;2
nuestros;2
formateado;2
nombre;2
head;2
of;2
wordart;2
handler;2
programa;2
trabajar;2
xmlparser;2
rm;2
ro;2
apare;2
sus;2
cualquier;2
comandos;2
todos;2
aplicación;2
vo;2
trabajando;2
entender;2
identificar;2
ws;2
patrón;2
específicos;2
búsqueda;2
sistema;2
tener;2
hace;2
geo;2
contenga;2
código;2
ika;2
date;2
tengamos;2
create;2
from;2
vez;2
desarrollo;2
eibe;2
debemos;2
can;2
parsetostring;2
cuenta;2
poder;2
xls;2
implementar;1
pide;1
toda;1
themes;1
tec;1
rag;1
ioexception;1
wordcloud;1
version;1
util;1
semántico;1
siempre;1
obtenemos;1
contribución;1
estádar;1
cen;1
castellano;1
clasifi;1
cer;1
jpeg;1
propios;1
modificar;1
fase;1
textos;1
cación;1
analizadores;1
drupa;1
the;1
accedemos;1
básicos;1
primeros;1
especial;1
tratamiento;1
tenemos;1
ioexcep;1
hacerlo;1
tutorial;1
fachada;1
termino;1
pasemos;1
message;1
zitting;1
destacar;1
almacenados;1
título;1
defecto;1
number;1
pueda;1
aprendizaje;1
veamos;1
idiomas;1
diferentes;1
msword;1
consideren;1
convirtiendo;1
save;1
stemmer;1
creados;1
hacen;1
ccia;1
lineal;1
mobi;1
objetos;1
ecuación;1
aquellos;1
grupo;1
tarea;1
modi;1
saxexception;1
listado;1
término;1
void;1
procesar;1
tionar;1
ream;1
típico;1
were;1
primero;1
entrar;1
media;1
mattmann;1
ordenación;1
diseño;1
casos;1
subtipo;1
row;1
motores;1
perdido;1
realizamos;1
openst;1
avanzar;1
consiste;1
sección;1
ayuda;1
cutando;1
idealmente;1
pasar;1
españa;1
lee;1
docu;1
seguir;1
english;1
api;1
ext;1
probable;1
vamos;1
capaz;1
ejecutarlo;1
disponibles;1
ejecutando;1
rss;1
ellas;1
where;1
posición;1
art;1
agrupar;1
gran;1
almacenaremos;1
teniendo;1
team;1
cest;1
txt;1
dando;1
ppt;1
limitado;1
recurrir;1
representar;1
han;1
adicionales;1
pro;1
determinado;1
string;1
sacándole;1
imágenes;1
xmlns;1
proporcionan;1
recomendación;1
embargo;1
window;1
muestra;1
bién;1
consideramos;1
facade;1
distintas;1
previo;1
recomen;1
tamos;1
necesariamente;1
separa;1
chris;1
usuario;1
allí;1
determinar;1
clases;1
esperar;1
electrónico;1
lacename;1
wed;1
more;1
entorno;1
arañas;1
width;1
identificados;1
operaciones;1
identificador;1
otros;1
reamos;1
used;1
atributo;1
archivo;1
entienden;1
presenten;1
campo;1
fácil;1
quizás;1
comercio;1
cambiar;1
indicando;1
además;1
denominada;1
analizará;1
principal;1
september;1
localización;1
adds;1
jpg;1
debug;1
animaciones;1
alternativa;1
federowicz;1
ddu;1
consultar;1
mentos;1
extraído;1
siguientes;1
generadas;1
incremen;1
indicará;1
dev;1
permiten;1
adjunto;1
misma;1
edición;1
relacionados;1
soporte;1
personas;1
as;1
cual;1
paso;1
leído;1
algoritmos;1
acceder;1
be;1
importar;1
disponemos;1
proyecto;1
presentará;1
daremos;1
elaborar;1
hoja;1
después;1
sintácticos;1
sep;1
muchas;1
ce;1
clave;1
gestión;1
incluidos;1
delega;1
existen;1
igual;1
salidas;1
dc;1
javac;1
nuestro;1
language;1
parte;1
cerrado;1
nuestra;1
parsearhtml;1
apropiados;1
ed;1
merece;1
facilitando;1
algunos;1
verificación;1
final;1
leopt;1
pequeño;1
fr;1
title;1
tikaexception;1
tiene;1
json;1
algún;1
conversión;1
organización;1
analizan;1
clara;1
custom;1
solo;1
fork;1
conceptos;1
asig;1
grama;1
almacenada;1
context;1
integridad;1
ir;1
autor;1
crear;1
iente;1
doc;1
messages;1
odt;1
charset;1
incluso;1
algunas;1
especifico;1
file;1
known;1
tabla;1
especifica;1
herramientas;1
llamamos;1
completa;1
doctype;1
actualizada;1
mail;1
loadmode;1
abstracta;1
comportamiento;1
office;1
dada;1
salvo;1
logo;1
entre;1
lista;1
mp;1
sigue;1
author;1
genéricos;1
throws;1
mpeg;1
multipursose;1
keys;1
sean;1
considerable;1
buscadores;1
opción;1
natura;1
os;1
dado;1
informe;1
utilizadas;1
imized;1
cuelgan;1
documental;1
distribución;1
sigu;1
bytes;1
centrarnos;1
ngram;1
octubre;1
podéis;1
utilidad;1
subdirectorio;1
crearemos;1
independiente;1
inteligencia;1
muchos;1
booth;1
crawler;1
meta;1
acceso;1
prueba;1
mín;1
propio;1
key;1
español;1
métodos;1
one;1
valor;1
diferente;1
pasamos;1
necesario;1
ranking;1
open;1
obtenida;1
fuente;1
ice;1
contexto;1
potencialidades;1
dación;1
minúsculas;1
opcional;1
parsear;1
xxxxxx;1
poco;1
creaamos;1
alumno;1
ajuste;1
va;1
cliente;1
exploramos;1
conocer;1
resourcename;1
internet;1
seguros;1
drop;1
isbn;1
también;1
tructurado;1
cálculo;1
recuperación;1
otra;1
normal;1
figure;1
dentro;1
figura;1
implementa;1
grande;1
artificial;1
mahout;1
software;1
ya;1
opciones;1
traen;1
indica;1
streams;1
preprocesado;1
septiembre;1
bucear;1
mato;1
varias;1
word;1
extension;1
extensión;1
interesados;1
out;1
eam;1
ges;1
función;1
preciso;1
grupos;1
obtenido;1
help;1
presentaciones;1
utilizarlo;1
wiki;1
número;1
indexación;1
indicados;1
teecontenthandler;1
plain;1
ocurrencias;1
tal;1
inglés;1
tam;1
variedad;1
encuentran;1
individual;1
resource;1
estructurado;1
automático;1
comprobar;1
encriptados;1
dará;1
gif;1
internamente;1
concreto;1
imo;1
leer;1
jukka;1
centraremos;1
ordenador;1
ordenados;1
command;1
viene;1
sultar;1
recursos;1
ocurrencia;1
argumento;1
